Neighborhood,Year_Built,Year_Remod_Add,Overall_Qual,Overall_Cond,Gr_Liv_Area,Total_Bsmt_SF,Garage_Cars,Full_Bath,Bedroom_AbvGr,Fireplaces,Lot_Area,House_Age,Years_Since_Remod,Bldg_Type,Sale_Type,Sale_Price
Somerst,1920,1925,2,1,3891,3445,2,2,2,1,8181,90,85,1Fam,WD,430598
IDOTRR,1971,1999,9,1,617,312,2,1,2,1,12867,39,11,1Fam,WD,199958
NWAmes,1915,1939,10,6,4497,2992,2,1,3,1,20546,95,71,Twnhs,WD,489997
Crawfor,1958,1974,8,6,3506,1377,2,2,4,1,12326,52,36,1Fam,WD,437317
StoneBr,1930,1975,8,1,3429,1355,2,2,4,1,6192,80,35,2fmCon,WD,572426
StoneBr,1941,1964,9,3,3539,2233,4,3,3,1,17355,69,46,1Fam,WD,687990
NridgHt,1973,1983,7,7,2962,1130,3,2,3,0,2835,37,27,1Fam,WD,601733
NAmes,1931,1956,9,3,1098,435,2,3,3,0,22934,79,54,TwnhsE,WD,255601
Crawfor,1958,2008,10,3,2587,960,2,2,2,1,18645,52,2,1Fam,WD,419830
NWAmes,1933,1960,2,3,1684,1020,2,3,2,0,12392,77,50,1Fam,WD,211786
NridgHt,1908,1910,6,7,3250,2096,2,1,4,1,20015,102,100,1Fam,WD,570991
IDOTRR,1980,1990,3,4,3084,1218,1,3,3,1,22698,30,20,1Fam,New,266546
NAmes,1910,1947,6,4,2967,1925,3,2,4,1,11645,100,63,1Fam,WD,314245
Timber,1995,2007,3,3,1163,370,2,3,3,0,16703,15,3,1Fam,WD,315185
StoneBr,1909,1986,8,9,2642,1704,3,1,2,0,1801,101,24,1Fam,New,579665
StoneBr,1985,2003,4,2,4013,2064,3,2,3,1,9240,25,7,1Fam,WD,626733
Veenker,1916,2005,10,4,2081,1447,0,2,3,0,16403,94,5,1Fam,WD,429015
CollgCr,1967,1987,6,8,3520,2739,4,3,3,1,21578,43,23,1Fam,WD,492193
ClearCr,1947,2000,9,6,1149,920,2,2,3,1,15927,63,10,1Fam,WD,338638
Veenker,1951,2006,2,7,1989,621,2,2,5,2,4201,59,4,1Fam,WD,322475
Crawfor,2010,2010,2,7,787,572,2,2,4,1,11167,0,0,1Fam,Oth,233199
NoRidge,1924,1982,7,2,4436,1467,2,2,4,0,24098,86,28,2fmCon,WD,682948
Veenker,1920,1991,2,4,2199,1574,2,1,1,1,7144,90,19,1Fam,COD,313052
Somerst,2000,2002,2,6,911,467,2,1,2,0,7020,10,8,1Fam,WD,269844
ClearCr,2001,2004,4,3,2947,1600,1,1,2,0,2168,9,6,1Fam,WD,389040
Mitchel,1964,1995,9,9,3075,1151,2,2,3,1,3628,46,15,1Fam,WD,367470
StoneBr,1962,1983,8,4,1541,713,2,3,3,1,16959,48,27,1Fam,WD,462615
CollgCr,1988,1994,2,2,635,474,0,3,3,1,8238,22,16,1Fam,WD,173742
Crawfor,1950,1958,8,6,2525,2140,2,1,3,0,18101,60,52,1Fam,WD,386209
NridgHt,1935,1935,4,1,4035,2589,2,1,4,1,10440,75,75,1Fam,WD,634381
Crawfor,1980,2008,2,6,1258,975,2,1,4,0,5720,30,2,Twnhs,WD,266476
StoneBr,2004,2010,10,1,1771,1036,1,1,2,1,20505,6,0,1Fam,WD,540329
NridgHt,1987,1994,7,8,3390,1372,3,1,4,1,6639,23,16,1Fam,WD,667144
BrkSide,1965,1968,6,5,3257,1296,2,2,3,0,2221,45,42,TwnhsE,WD,285389
IDOTRR,2003,2005,10,6,1524,89,1,2,3,0,10643,7,5,1Fam,COD,231362
Mitchel,1914,1916,5,2,4273,2084,2,2,4,0,3381,96,94,1Fam,WD,366113
Veenker,1995,2000,1,2,880,556,2,2,2,1,19316,15,10,1Fam,WD,254944
NoRidge,1938,1944,2,9,3056,1007,1,2,4,1,23065,72,66,1Fam,WD,475188
Gilbert,1969,1995,8,3,4031,1546,2,2,3,1,20204,41,15,Duplex,WD,466342
ClearCr,1900,1900,1,6,2028,766,3,2,4,1,8450,110,110,1Fam,WD,242159
NoRidge,2010,2010,3,5,1305,995,2,2,5,1,11468,0,0,TwnhsE,WD,420640
CollgCr,1922,2001,2,4,975,372,2,1,3,1,16598,88,9,1Fam,Oth,195693
NridgHt,1938,2008,5,2,4128,2356,3,2,2,1,10390,72,2,Duplex,New,723393
BrkSide,1956,1999,4,8,1453,1076,2,1,2,0,2121,54,11,1Fam,WD,183727
Timber,1980,2002,7,7,1348,1020,3,2,3,1,18343,30,8,TwnhsE,WD,412093
Gilbert,1933,1973,5,2,1396,474,1,1,2,1,17198,77,37,1Fam,WD,241626
Veenker,1940,1981,8,6,531,44,2,2,4,0,6875,70,29,1Fam,WD,288633
CollgCr,1992,1992,4,8,2427,717,2,1,3,1,21336,18,18,1Fam,WD,364337
CollgCr,1972,2007,6,7,2665,1351,2,2,5,1,7425,38,3,1Fam,WD,403905
StoneBr,1912,1948,4,1,4379,1843,3,1,3,0,19705,98,62,1Fam,WD,585141
IDOTRR,1969,2009,2,5,3755,2135,2,2,2,0,7931,41,1,1Fam,WD,256300
Mitchel,1905,1963,1,2,690,354,0,1,3,1,2488,105,47,1Fam,COD,104191
BrkSide,1983,1999,1,6,2270,1421,2,0,3,1,18415,27,11,1Fam,WD,212936
NAmes,1951,1985,8,7,2273,1365,2,2,3,1,4417,59,25,1Fam,WD,329180
Crawfor,1902,1949,4,7,4299,2112,1,2,3,1,8385,108,61,1Fam,WD,409196
BrkSide,1980,1984,5,3,2621,1799,4,1,2,0,5119,30,26,1Fam,WD,283056
NoRidge,1962,2009,8,7,1122,964,3,2,3,0,11910,48,1,1Fam,Oth,460730
StoneBr,1948,1979,7,5,1626,1261,2,2,3,0,15074,62,31,1Fam,WD,446563
NridgHt,1975,1977,8,8,3418,2409,2,2,4,1,8064,35,33,1Fam,ConLD,695724
Somerst,1946,1992,8,8,1085,706,2,2,4,2,4560,64,18,Twnhs,WD,347169
Somerst,2008,2009,6,7,2967,1356,3,3,3,0,16326,2,1,1Fam,WD,463075
Veenker,1954,1988,10,6,972,673,3,1,2,1,16731,56,22,1Fam,WD,376450
Mitchel,1963,1976,2,2,2287,827,2,2,3,1,4024,47,34,1Fam,New,271970
Somerst,1964,1994,6,6,613,213,3,2,5,0,14107,46,16,1Fam,WD,287809
Veenker,1980,2010,1,9,1902,670,2,2,3,1,18573,30,0,1Fam,ConLD,314957
CollgCr,1966,1982,1,2,1836,522,2,3,3,1,14444,44,28,1Fam,WD,259746
StoneBr,1989,2008,3,1,2877,1951,3,2,2,0,14615,21,2,1Fam,WD,539270
Mitchel,1914,1936,3,5,838,501,2,2,3,1,2600,96,74,1Fam,WD,171921
NridgHt,1999,2000,5,6,2785,992,2,3,3,0,9810,11,10,1Fam,WD,553563
IDOTRR,1931,1980,1,3,1696,1349,2,2,3,0,12460,79,30,1Fam,WD,170897
Mitchel,1995,2000,10,8,578,332,2,2,3,0,6801,15,10,1Fam,New,272094
StoneBr,1967,1980,6,7,963,789,2,3,3,1,16472,43,30,Twnhs,WD,409836
NridgHt,1917,1995,7,2,2421,1944,3,0,2,0,20084,93,15,Twnhs,WD,529698
Mitchel,1982,1996,10,7,3152,1725,2,2,3,1,10733,28,14,TwnhsE,WD,402317
NWAmes,1942,1968,3,1,2487,967,3,2,4,1,12827,68,42,Duplex,WD,300824
NWAmes,1934,1948,4,9,4072,2449,2,3,3,1,1996,76,62,1Fam,WD,409849
Mitchel,2003,2004,10,7,1061,651,2,3,5,1,5674,7,6,1Fam,WD,298491
NridgHt,1977,1984,10,6,784,662,4,2,3,0,7030,33,26,1Fam,WD,475396
Somerst,1957,1971,10,2,722,348,2,3,3,1,16598,53,39,1Fam,WD,323296
NoRidge,1932,1934,10,3,3140,1905,1,2,2,0,24853,78,76,TwnhsE,WD,600679
NAmes,1913,1974,10,1,1789,657,2,0,3,1,12824,97,36,1Fam,WD,269385
Crawfor,1933,1979,3,5,2190,1186,2,0,3,1,3153,77,31,1Fam,WD,279942
Somerst,1960,1972,1,9,2920,823,1,2,3,1,8746,50,38,1Fam,WD,367995
NridgHt,1903,2007,8,6,1756,990,3,2,4,0,15560,107,3,1Fam,WD,477581
Veenker,1987,1988,10,5,3458,1978,4,2,4,1,15299,23,22,1Fam,WD,598935
Somerst,1958,1981,10,3,1327,905,2,2,2,0,18127,52,29,1Fam,WD,382518
NWAmes,1928,1988,2,5,2783,1948,3,3,4,0,20139,82,22,Twnhs,WD,323002
Gilbert,1982,2001,1,8,3218,2728,3,2,3,0,8499,28,9,1Fam,WD,360693
NAmes,1905,1917,8,2,4488,2664,2,2,3,0,14898,105,93,1Fam,New,430457
CollgCr,1996,1996,7,5,1327,1237,0,3,3,1,8243,14,14,1Fam,WD,332847
NoRidge,1948,1981,7,6,3310,1441,1,2,3,1,4192,62,29,1Fam,WD,572842
NWAmes,1939,2000,4,8,3885,2950,1,2,2,0,7573,71,10,1Fam,WD,383435
NWAmes,1982,1996,9,8,2460,1697,0,2,3,1,9730,28,14,1Fam,WD,368201
Crawfor,1964,2007,6,5,2465,968,2,2,3,0,4747,46,3,1Fam,WD,349071
Mitchel,1968,1981,2,9,4384,2068,2,2,3,1,24505,42,29,1Fam,WD,408505
CollgCr,1926,2007,1,4,2927,2250,2,1,2,1,19499,84,3,1Fam,WD,316942
CollgCr,1979,2000,1,9,3341,1083,1,1,2,1,1519,31,10,1Fam,WD,356474
ClearCr,1905,1975,9,7,1113,552,2,1,2,0,18104,105,35,TwnhsE,ConLD,322169
NridgHt,2003,2007,4,6,1062,286,2,2,3,1,15660,7,3,1Fam,COD,413988
NoRidge,1912,1942,5,4,2967,2304,3,1,4,0,16110,98,68,1Fam,WD,555328
NridgHt,1963,1987,3,2,2599,1802,0,2,2,1,21655,47,23,TwnhsE,WD,477804
Gilbert,1961,1998,4,8,2244,1150,3,3,3,1,8821,49,12,1Fam,WD,346224
Veenker,1998,2005,8,6,3366,1539,4,2,3,1,8106,12,5,1Fam,WD,553862
CollgCr,1918,2008,4,3,4214,3480,2,3,4,0,9076,92,2,1Fam,WD,459744
BrkSide,1975,1976,9,7,4080,3046,2,2,2,1,17337,35,34,Duplex,WD,359853
Timber,1979,1995,9,7,2305,1705,3,2,2,1,9328,31,15,Duplex,WD,500855
ClearCr,1942,1997,6,6,2468,1423,2,2,3,1,14206,68,13,1Fam,WD,403295
NWAmes,1973,2002,2,2,2752,1139,4,2,5,1,18390,37,8,1Fam,WD,306268
Timber,1988,2007,10,8,3548,2042,3,2,3,2,6241,22,3,1Fam,WD,652158
NridgHt,1919,2003,7,1,1230,1057,2,3,2,1,17062,91,7,TwnhsE,COD,431254
Veenker,1994,1996,9,1,756,184,2,2,3,0,6087,16,14,1Fam,COD,318005
StoneBr,1967,2003,6,6,684,318,2,0,2,1,24322,43,7,Duplex,WD,359061
BrkSide,1943,1958,3,5,2692,904,2,2,2,0,24484,67,52,1Fam,WD,245279
Mitchel,1922,1971,7,9,2531,1454,2,2,4,1,10861,88,39,1Fam,WD,319314
Gilbert,1901,1943,5,7,2213,1673,2,0,3,1,6857,109,67,1Fam,WD,284936
NAmes,1921,1937,1,2,3585,1152,1,2,3,0,18623,89,73,1Fam,COD,286577
Mitchel,1956,1971,3,7,745,463,2,2,3,1,11482,54,39,1Fam,WD,186826
StoneBr,2000,2009,5,3,2734,2239,2,2,3,1,10115,10,1,1Fam,WD,555884
NAmes,1971,1972,7,1,3908,1876,2,3,3,1,4555,39,38,1Fam,WD,386802
CollgCr,1906,1909,3,8,3830,2707,1,2,3,0,22271,104,101,1Fam,WD,399518
Mitchel,1977,1997,6,3,1365,1246,1,2,3,0,20087,33,13,2fmCon,WD,269506
NAmes,1955,1993,5,8,2587,2253,2,2,2,2,11675,55,17,1Fam,ConLD,306961
Veenker,1966,1999,1,7,1100,449,2,2,3,0,21806,44,11,1Fam,WD,259263
NoRidge,1915,2008,10,2,4208,1542,1,2,4,1,19841,95,2,1Fam,WD,702706
Timber,1982,1987,6,1,1461,394,3,2,2,0,14030,28,23,1Fam,ConLD,347473
ClearCr,1950,1966,8,7,1941,1522,3,1,4,0,23210,60,44,1Fam,WD,399075
Mitchel,1981,1987,1,1,3533,2052,2,1,2,1,17287,29,23,1Fam,New,345026
NAmes,1979,2003,2,6,3922,2617,1,2,3,0,3289,31,7,1Fam,WD,340488
NridgHt,1971,1975,4,8,2556,1410,2,2,3,2,16807,39,35,1Fam,ConLD,553938
CollgCr,1996,2000,2,7,2897,935,2,2,3,1,24285,14,10,1Fam,WD,347571
ClearCr,1911,1930,9,4,2631,1689,4,2,2,1,2084,99,80,1Fam,ConLD,408948
Timber,1952,1967,10,1,1032,482,2,1,4,0,7678,58,43,TwnhsE,WD,332017
NoRidge,1974,2010,8,1,1488,987,2,2,5,2,21084,36,0,1Fam,WD,491482
Somerst,1904,2007,8,4,2542,1521,3,3,2,0,19226,106,3,1Fam,WD,436960
BrkSide,1926,1998,4,5,4364,2151,1,1,4,1,5690,84,12,2fmCon,WD,311848
Somerst,1911,1979,5,7,857,90,0,2,3,0,16055,99,31,TwnhsE,WD,210037
CollgCr,1916,1957,4,4,877,218,2,2,4,0,10900,94,53,1Fam,ConLD,221464
NWAmes,1905,1961,9,1,2719,1359,1,2,2,1,16896,105,49,1Fam,WD,321984
Somerst,1996,1997,2,7,1548,612,1,1,4,1,12514,14,13,1Fam,WD,307541
IDOTRR,1904,1912,8,2,892,699,2,3,2,0,13385,106,98,1Fam,WD,154416
IDOTRR,1956,1998,2,2,1626,772,2,2,4,1,22669,54,12,1Fam,New,179979
Timber,1927,1990,1,8,1201,432,2,2,3,1,14780,83,20,TwnhsE,WD,267076
CollgCr,1977,1998,10,5,3807,3081,3,1,3,0,15969,33,12,1Fam,ConLD,546313
Veenker,1968,1989,3,2,1933,929,2,2,2,0,17304,42,21,1Fam,WD,357979
Veenker,1958,1991,9,5,4396,2790,2,2,4,0,6256,52,19,TwnhsE,WD,607918
NridgHt,1932,1986,3,8,3096,2054,1,2,3,0,7525,78,24,1Fam,WD,509670
Crawfor,1961,1989,9,6,1283,456,1,2,3,0,8955,49,21,1Fam,WD,312004
CollgCr,1949,1986,7,3,2328,2166,1,2,3,0,11997,61,24,TwnhsE,WD,351855
NridgHt,2004,2006,10,8,2879,1136,1,1,4,1,2562,6,4,TwnhsE,WD,659456
Veenker,1918,1935,1,9,4235,2838,2,2,3,0,11539,92,75,1Fam,WD,480203
BrkSide,1985,1991,10,5,3341,2729,2,1,2,1,22386,25,19,1Fam,WD,378047
Timber,1968,1968,5,2,4103,3191,2,1,4,2,11074,42,42,1Fam,COD,583557
StoneBr,1965,1997,9,2,3196,1109,3,2,3,2,22865,45,13,1Fam,WD,638453
CollgCr,1993,1993,3,7,1482,447,3,1,3,1,16213,17,17,1Fam,WD,290200
IDOTRR,1946,1949,9,1,4442,1722,2,3,2,0,24496,64,61,1Fam,WD,319294
Timber,1938,1941,5,2,3600,2222,1,2,4,0,22852,72,69,2fmCon,WD,481926
Gilbert,1967,1984,9,4,3090,2079,2,2,3,1,7566,43,26,2fmCon,WD,427978
NWAmes,1932,1958,10,1,1542,764,2,2,3,0,23284,78,52,Duplex,WD,288653
Timber,1912,1954,6,4,1671,1211,1,3,4,0,7184,98,56,1Fam,Oth,343646
NWAmes,1983,2009,9,5,4042,2703,3,1,2,1,12414,27,1,1Fam,COD,472609
Somerst,1953,1984,7,9,3038,1640,2,2,4,0,8338,57,26,Duplex,WD,471069
Gilbert,1906,1938,7,1,2830,2287,2,1,3,1,3487,104,72,1Fam,WD,347531
Gilbert,1978,2005,8,5,1361,1068,3,2,3,1,5567,32,5,Duplex,WD,338010
CollgCr,1986,1995,7,2,2376,705,3,2,3,1,22952,24,15,Twnhs,COD,384510
NoRidge,1913,1967,9,9,2335,1512,2,2,3,1,5604,97,43,TwnhsE,WD,525282
NAmes,1986,1989,9,6,2198,1026,2,1,3,0,13815,24,21,1Fam,WD,319076
Somerst,1918,1977,6,2,612,202,2,2,1,1,16658,92,33,1Fam,WD,240756
StoneBr,1953,1958,7,3,4026,3516,2,2,5,0,10377,57,52,1Fam,WD,678920
NridgHt,1992,2007,2,8,2185,1926,1,2,1,1,24538,18,3,1Fam,WD,486011
Crawfor,1919,1952,9,1,3901,1929,2,2,4,0,14369,91,58,1Fam,WD,453868
Gilbert,1928,1983,1,3,3826,1790,4,2,2,1,13558,82,27,2fmCon,WD,367062
NridgHt,1923,1935,1,1,2122,1006,2,1,3,2,12517,87,75,1Fam,WD,369472
CollgCr,1981,2004,3,8,1922,1057,3,1,4,0,5234,29,6,2fmCon,WD,323002
Timber,1962,1979,6,1,1361,566,4,2,2,0,24688,48,31,1Fam,WD,360227
Gilbert,1973,1985,5,5,3157,1925,2,2,4,0,19125,37,25,1Fam,New,447771
StoneBr,2004,2004,2,4,2432,511,3,1,3,0,5000,6,6,TwnhsE,WD,429730
Gilbert,1956,1992,9,7,1007,550,2,2,3,0,13830,54,18,1Fam,WD,298182
Somerst,1907,1949,10,5,2167,747,2,2,3,1,7230,103,61,1Fam,WD,375998
BrkSide,1989,1995,4,8,965,945,3,1,3,1,23414,21,15,1Fam,COD,207126
NoRidge,1961,2002,4,1,3371,2258,2,2,3,1,4761,49,8,TwnhsE,WD,559178
Somerst,1928,2008,5,5,3978,1934,2,2,4,1,13829,82,2,Duplex,New,553355
NoRidge,1973,1987,8,4,3156,1313,3,2,3,0,21727,37,23,TwnhsE,WD,636397
BrkSide,1916,1933,10,3,1621,1021,2,2,2,0,6325,94,77,TwnhsE,New,279262
NAmes,1965,1987,4,5,789,167,1,1,4,1,3481,45,23,1Fam,Oth,187765
Timber,1905,1958,5,3,3415,1879,1,2,4,1,18531,105,52,1Fam,WD,465053
Gilbert,1957,2007,4,8,2262,1627,2,2,3,0,21807,53,3,1Fam,WD,338986
Mitchel,1968,1997,6,3,4228,2759,4,2,3,0,17376,42,13,1Fam,WD,451099
CollgCr,1927,1984,3,1,3727,2471,3,2,3,0,3482,83,26,1Fam,WD,385335
CollgCr,1961,1964,8,9,3329,1862,2,2,3,0,6755,49,46,2fmCon,WD,458133
Timber,1940,2006,6,9,2709,2019,2,2,3,0,12249,70,4,1Fam,WD,466747
NoRidge,1968,1974,10,6,3171,2618,2,1,5,1,3519,42,36,1Fam,WD,681999
NAmes,1981,2004,5,1,2366,1349,1,2,2,1,6174,29,6,1Fam,WD,270434
BrkSide,1989,2006,2,8,4268,2321,2,2,3,0,9571,21,4,1Fam,WD,317746
Gilbert,1983,1992,10,2,1216,677,2,3,4,1,8480,27,18,1Fam,COD,322184
Somerst,1940,1946,10,9,3668,1748,2,2,3,0,12256,70,64,1Fam,WD,523892
Somerst,1948,1987,7,8,1900,1059,4,2,4,1,20716,62,23,1Fam,ConLD,424743
NWAmes,1990,1995,2,3,1066,377,2,2,3,1,10712,20,15,1Fam,WD,228910
NAmes,1948,1969,1,5,1973,535,2,2,3,1,16714,62,41,Twnhs,WD,207189
NAmes,1975,1975,7,9,1493,788,1,3,4,0,24986,35,35,1Fam,WD,261360
Mitchel,1970,1973,5,1,1640,1188,4,2,3,0,23875,40,37,1Fam,WD,298723
Gilbert,1902,1950,1,9,4176,3174,3,2,3,1,11714,108,60,1Fam,WD,414037
NoRidge,1909,1960,4,4,4376,2606,3,1,2,0,22092,101,50,1Fam,WD,619102
StoneBr,1997,1998,4,4,2487,1502,2,2,4,0,5175,13,12,1Fam,WD,498852
NAmes,1988,1998,10,4,4287,1813,2,2,3,0,3279,22,12,1Fam,WD,416526
Crawfor,1934,1962,7,9,4365,2789,2,2,3,1,22580,76,48,1Fam,WD,491082
NridgHt,1979,1999,9,6,4077,2259,1,1,3,0,6037,31,11,TwnhsE,WD,722912
NoRidge,1901,1990,2,8,3760,2492,2,2,3,2,18757,109,20,1Fam,WD,557638
Gilbert,1923,2000,1,4,4047,1116,3,2,1,0,13342,87,10,1Fam,WD,352902
NridgHt,1973,1981,2,3,3894,2470,1,2,3,0,22650,37,29,1Fam,WD,599501
StoneBr,1937,1983,7,1,3143,1379,1,1,3,1,21312,73,27,1Fam,ConLD,538121
CollgCr,1921,1996,10,7,2493,1275,2,2,3,0,14482,89,14,1Fam,New,463417
Gilbert,1925,1966,6,4,3751,2889,2,2,4,1,23488,85,44,TwnhsE,WD,443084
Gilbert,1942,1992,4,8,2309,896,2,0,3,1,12608,68,18,1Fam,WD,296717
Timber,1954,2009,1,3,1704,846,2,2,3,1,10719,56,1,Twnhs,WD,311580
NWAmes,1938,1988,1,1,1458,895,2,1,3,1,21433,72,22,1Fam,WD,223343
Timber,1990,1995,5,5,2216,1739,3,2,3,0,5381,20,15,1Fam,COD,426824
Somerst,1928,1947,1,2,1512,874,2,3,4,2,11201,82,63,TwnhsE,WD,243229
NWAmes,2010,2010,7,3,2318,1474,3,3,2,1,10934,0,0,1Fam,WD,353527
Gilbert,2001,2008,1,6,1810,1425,3,1,3,0,22673,9,2,1Fam,WD,294589
NAmes,1919,1945,1,3,974,475,3,2,2,0,22236,91,65,1Fam,WD,171484
Gilbert,1990,1995,2,3,1117,611,0,2,4,0,12609,20,15,1Fam,WD,225842
Crawfor,1940,2004,10,6,1140,576,2,3,3,0,24943,70,6,1Fam,WD,350405
NoRidge,1953,2006,3,5,2809,1938,1,2,3,1,7149,57,4,Duplex,WD,469205
Somerst,1919,1942,1,9,4094,1130,2,1,3,0,13473,91,68,1Fam,WD,398967
Timber,2007,2010,9,1,661,0,3,2,4,2,22892,3,0,1Fam,WD,372948
Timber,1918,1964,10,3,4058,2856,2,2,3,0,8817,92,46,Twnhs,WD,606885
IDOTRR,1983,1989,8,3,2503,1653,3,2,5,0,18917,27,21,1Fam,WD,271942
Somerst,1998,2000,5,6,2482,1466,2,2,2,0,12531,12,10,1Fam,WD,376640
NAmes,2010,2010,2,8,2728,1674,2,2,3,0,18095,0,0,Twnhs,WD,309634
Gilbert,1965,1986,5,3,1224,180,3,2,4,1,15463,45,24,1Fam,WD,280615
Mitchel,1929,1991,6,3,968,365,2,3,3,1,23941,81,19,1Fam,WD,253836
CollgCr,1952,2008,1,6,2309,1355,3,3,1,0,7008,58,2,Duplex,WD,307371
Crawfor,1933,1987,4,8,520,434,2,2,5,1,6517,77,23,1Fam,WD,225209
CollgCr,1921,1980,9,6,3846,1672,3,2,3,1,9622,89,30,1Fam,WD,467028
StoneBr,1966,2000,2,3,759,645,2,2,3,1,24363,44,10,1Fam,WD,293208
NWAmes,1905,1966,5,4,3904,2556,3,3,3,1,12768,105,44,1Fam,WD,416450
Veenker,1978,2007,1,1,3013,955,1,1,3,1,15918,32,3,1Fam,WD,380015
NridgHt,1926,1947,4,8,1639,1049,2,2,4,1,11891,84,63,1Fam,WD,428726
Gilbert,1909,1983,4,4,1936,765,3,2,3,0,5562,101,27,1Fam,WD,264735
StoneBr,1972,1991,6,6,1036,814,3,2,3,0,15546,38,19,1Fam,New,484077
BrkSide,1996,2009,10,3,1451,932,0,1,3,1,8848,14,1,1Fam,WD,252415
IDOTRR,1995,2007,9,6,4416,1931,2,2,3,1,9442,15,3,1Fam,WD,344291
BrkSide,1947,1997,3,9,3313,1410,2,2,4,1,9445,63,13,1Fam,WD,277597
Somerst,1969,2009,9,9,3506,1936,1,2,4,2,21122,41,1,1Fam,WD,531276
NridgHt,2004,2005,6,3,4494,2222,2,2,3,0,2993,6,5,1Fam,WD,717549
BrkSide,1958,1991,7,3,2479,1223,1,1,1,1,14199,52,19,1Fam,WD,253559
ClearCr,1999,1999,10,4,4294,1852,2,3,4,1,19461,11,11,1Fam,WD,606045
IDOTRR,1958,1988,2,7,2340,1619,2,3,2,1,19481,52,22,1Fam,WD,216782
IDOTRR,1901,1930,10,3,2356,821,2,2,3,1,3928,109,80,1Fam,WD,245322
NAmes,1928,1945,6,8,3481,2648,2,3,2,0,12687,82,65,1Fam,WD,347176
Veenker,1967,1983,6,8,1350,1230,4,1,2,0,16625,43,27,1Fam,WD,359240
Somerst,1964,2001,2,6,2471,1465,1,2,4,2,18196,46,9,1Fam,WD,377941
NAmes,1982,1995,2,4,1780,1124,2,1,3,0,12134,28,15,Twnhs,WD,212773
Veenker,1925,2003,2,5,1691,471,2,2,5,1,8186,85,7,1Fam,WD,290937
StoneBr,1988,2001,10,2,4420,1359,2,2,3,0,21959,22,9,1Fam,WD,764789
CollgCr,1909,1964,1,6,1032,479,0,2,3,0,1503,101,46,1Fam,WD,172238
BrkSide,1952,1973,5,3,4169,2397,1,2,5,1,8561,58,37,1Fam,WD,318612
Gilbert,1978,1980,8,6,2562,1574,2,2,4,1,10577,32,30,2fmCon,WD,402943
Crawfor,1958,1976,2,5,2597,2088,2,2,4,2,13880,52,34,Twnhs,New,370069
NoRidge,1921,1977,5,2,3546,2849,3,2,2,0,23102,89,33,1Fam,ConLD,580382
Crawfor,1950,1993,8,5,803,782,2,2,4,1,18075,60,17,Duplex,WD,305934
IDOTRR,1947,1980,10,5,4058,3349,4,1,3,1,3880,63,30,1Fam,WD,354457
StoneBr,1920,1954,5,9,915,274,2,2,3,2,19119,90,56,1Fam,WD,346569
CollgCr,1921,1921,2,8,804,365,2,2,3,2,9262,89,89,1Fam,WD,175814
NAmes,1999,2002,3,7,2743,1943,2,2,3,1,14414,11,8,1Fam,WD,305712
NWAmes,1997,2001,6,3,4447,2350,2,2,4,0,12725,13,9,1Fam,WD,460915
Gilbert,1929,1998,5,4,1312,590,2,2,3,0,14360,81,12,1Fam,WD,239157
NWAmes,1924,1960,4,6,3347,1409,2,2,2,1,3903,86,50,1Fam,WD,333659
Somerst,2008,2008,4,3,2935,1690,2,2,3,1,7521,2,2,1Fam,WD,452181
Veenker,1927,1977,5,9,3304,1388,2,2,3,1,8234,83,33,1Fam,WD,460409
Mitchel,1964,1964,2,8,2484,1523,1,1,3,0,13983,46,46,1Fam,WD,274439
Mitchel,1944,1964,9,6,4436,1368,0,2,3,1,3869,66,46,1Fam,New,442521
NAmes,1967,1982,2,4,3002,1072,2,1,2,0,3967,43,28,1Fam,Oth,248810
BrkSide,1906,1966,10,7,1212,578,1,2,3,1,11626,104,44,1Fam,WD,214636
CollgCr,1948,2001,2,3,3252,1591,3,2,5,0,22311,62,9,1Fam,WD,393905
CollgCr,1908,1947,10,8,3395,2734,1,3,3,2,15107,102,63,1Fam,WD,478455
Mitchel,1935,1960,9,1,2181,498,2,2,3,0,2759,75,50,1Fam,New,326778
Gilbert,1982,1997,3,3,1833,393,2,2,4,1,14468,28,13,1Fam,WD,273388
NWAmes,1900,1991,10,5,3698,2117,1,1,1,0,3554,110,19,1Fam,WD,386177
Mitchel,1909,1973,7,5,674,286,3,1,4,1,18417,101,37,1Fam,WD,231162
NAmes,1935,2008,4,2,3705,1346,2,2,3,1,3619,75,2,1Fam,Oth,313901
Somerst,1972,1988,6,8,1589,481,2,2,4,2,19407,38,22,1Fam,COD,360998
Somerst,2008,2008,4,5,1916,1786,3,1,2,0,12357,2,2,Duplex,WD,377941
NoRidge,1945,2003,10,7,2487,1448,0,2,2,0,11878,65,7,1Fam,New,609178
Crawfor,2005,2008,7,7,3936,2116,2,2,3,1,21341,5,2,1Fam,WD,506240
NridgHt,1931,1983,1,5,2826,1687,3,2,3,0,4089,79,27,TwnhsE,WD,458057
CollgCr,1931,2001,3,8,1257,258,2,1,4,0,5919,79,9,Duplex,WD,236597
CollgCr,1905,1983,3,9,2910,1623,2,2,1,1,8592,105,27,1Fam,WD,342606
Veenker,1947,1980,1,4,2272,1506,1,2,3,1,8244,63,30,1Fam,WD,348248
Crawfor,1937,1982,6,4,670,585,3,3,2,0,3440,73,28,1Fam,New,275860
NridgHt,1916,1983,9,8,1574,501,2,2,4,0,21620,94,27,1Fam,WD,499381
NridgHt,1973,1986,8,1,1851,1602,1,2,4,1,17956,37,24,1Fam,Oth,522253
Mitchel,1926,2003,7,4,4442,1451,2,2,3,1,20771,84,7,1Fam,WD,424474
Somerst,1953,1968,10,6,1164,611,3,2,3,0,15200,57,42,1Fam,WD,378830
NoRidge,1949,1955,8,4,1091,472,0,2,3,0,6857,61,55,1Fam,WD,366178
CollgCr,1934,1952,6,6,3478,1166,3,2,2,1,2845,76,58,1Fam,COD,386758
NWAmes,1984,1985,9,5,1668,1639,2,3,2,0,11478,26,25,1Fam,WD,315135
Timber,1924,1933,3,9,2821,1593,2,1,3,1,15116,86,77,1Fam,WD,407317
Crawfor,1927,1976,10,9,3726,1375,2,1,5,1,10723,83,34,1Fam,WD,467043
NoRidge,2010,2010,10,4,4482,3481,4,2,4,1,19890,0,0,1Fam,WD,855982
NridgHt,1914,1994,9,4,3055,2711,2,1,3,2,10922,96,16,2fmCon,WD,632636
CollgCr,1903,2003,4,8,4420,2976,1,1,3,0,10102,107,7,1Fam,WD,441372
CollgCr,1992,2003,7,4,2910,2520,3,2,5,0,11997,18,7,1Fam,WD,459265
Gilbert,1972,1977,9,2,1848,628,2,2,3,1,19703,38,33,1Fam,WD,307461
NWAmes,1926,1947,2,2,1347,930,2,1,3,1,24678,84,63,1Fam,WD,213489
IDOTRR,1925,1956,2,1,3202,2294,2,2,4,0,15961,85,54,1Fam,WD,225403
CollgCr,1918,2001,9,5,2845,2368,2,0,3,0,4592,92,9,1Fam,COD,426961
Somerst,1991,1991,3,6,993,542,3,1,2,0,23173,19,19,1Fam,WD,287556
Mitchel,1916,1969,9,9,1045,676,3,2,3,0,4091,94,41,1Fam,WD,236426
Veenker,1942,1999,5,5,2851,2226,2,1,2,1,4002,68,11,1Fam,WD,410142
ClearCr,1940,2009,6,6,1990,743,2,2,3,1,10353,70,1,1Fam,ConLD,334792
NridgHt,1941,1958,2,6,1403,914,2,2,3,0,20976,69,52,TwnhsE,WD,363352
NridgHt,1949,1954,8,3,2786,782,2,2,3,0,8561,61,56,1Fam,New,575703
IDOTRR,1983,1995,9,4,3197,2509,2,1,5,0,17661,27,15,1Fam,COD,310936
NAmes,2008,2008,2,1,4337,2067,2,2,3,0,3173,2,2,1Fam,WD,360892
Gilbert,1939,1961,6,4,2040,1068,1,1,3,0,14854,71,49,TwnhsE,WD,288266
ClearCr,1938,1960,6,1,1383,752,2,2,2,0,7502,72,50,1Fam,WD,267911
StoneBr,1922,1947,8,5,3747,3138,2,2,3,0,11652,88,63,1Fam,WD,622223
StoneBr,2010,2010,10,8,4456,2129,3,2,4,1,8808,0,0,1Fam,WD,823279
Timber,1995,2007,5,8,2957,2278,2,1,3,1,13137,15,3,1Fam,New,562214
CollgCr,1951,1957,9,5,3273,2487,1,2,3,0,24543,59,53,1Fam,WD,474353
NWAmes,1946,1989,1,2,3935,2157,2,3,3,2,1999,64,21,Twnhs,WD,354025
Gilbert,1962,1988,9,6,3594,1997,3,2,3,1,15090,48,22,1Fam,WD,469689
Veenker,1996,2005,10,1,2865,2156,2,3,2,2,1825,14,5,Twnhs,WD,541531
IDOTRR,2009,2009,7,7,3072,2581,2,3,3,1,15229,1,1,1Fam,WD,311485
NWAmes,1968,1982,4,4,1404,831,2,2,3,1,23917,42,28,TwnhsE,WD,222629
CollgCr,1942,1977,3,5,4324,1916,2,2,5,1,2387,68,33,1Fam,WD,447935
Crawfor,1947,1991,10,6,3847,2901,3,2,4,0,10687,63,19,1Fam,WD,530452
ClearCr,1933,1987,6,1,3571,1640,1,1,4,1,5173,77,23,1Fam,WD,433032
Timber,1939,2002,1,9,4175,2564,2,1,4,1,12732,71,8,1Fam,COD,520782
Somerst,1974,2000,3,4,1119,711,2,2,4,1,9435,36,10,1Fam,WD,293636
NWAmes,1960,1964,2,8,1452,704,1,2,4,1,2428,50,46,1Fam,WD,204692
NridgHt,1949,2009,9,5,3800,2901,2,1,2,0,5903,61,1,1Fam,WD,709145
NoRidge,1966,1967,3,8,4235,2373,2,2,3,1,16492,44,43,1Fam,WD,636861
NridgHt,1961,1993,2,1,3679,2787,2,2,4,0,23310,49,17,1Fam,WD,618672
NridgHt,1957,1972,4,8,3348,1102,2,1,3,1,11614,53,38,2fmCon,WD,565485
NAmes,1932,1969,2,4,3463,1770,2,2,2,1,9490,78,41,1Fam,WD,288905
NWAmes,1974,1989,1,2,3747,2908,2,1,3,1,12947,36,21,1Fam,COD,350653
CollgCr,1915,1992,6,6,819,218,2,2,3,1,18508,95,18,1Fam,WD,238463
NoRidge,1981,2009,10,2,3857,1306,2,2,3,0,5844,29,1,2fmCon,WD,673182
CollgCr,1993,1995,8,5,1375,1356,2,2,3,2,20255,17,15,1Fam,WD,370878
CollgCr,1947,1961,10,2,2876,960,2,2,3,0,15254,63,49,1Fam,WD,421838
StoneBr,1909,1975,10,3,2400,2193,3,0,4,1,22583,101,35,1Fam,WD,569685
ClearCr,1981,2003,2,6,1252,419,1,1,4,0,6616,29,7,1Fam,WD,254873
Somerst,1937,1965,9,1,3204,1585,3,1,4,0,7737,73,45,1Fam,WD,458097
Crawfor,1918,1951,3,6,1879,1262,1,2,4,1,10969,92,59,1Fam,WD,246627
Gilbert,1935,1975,8,3,1537,1248,2,1,3,1,10378,75,35,1Fam,WD,310111
NridgHt,1958,1998,8,7,3846,2198,2,2,3,0,6110,52,12,1Fam,WD,700083
Somerst,1962,1984,3,2,570,338,2,1,2,1,18416,48,26,TwnhsE,WD,231937
Crawfor,1976,1982,3,6,3374,2656,1,2,4,1,5997,34,28,1Fam,WD,403949
CollgCr,1945,1947,6,8,3766,1374,3,2,2,0,5352,65,63,1Fam,WD,430661
NAmes,1902,1959,1,1,3412,1715,3,2,4,1,21288,108,51,1Fam,WD,282195
Gilbert,1973,2004,4,9,2335,877,2,1,3,0,4268,37,6,1Fam,WD,333378
StoneBr,2001,2002,1,5,3475,2048,2,3,5,1,20539,9,8,1Fam,WD,572972
NridgHt,1964,2006,3,5,4450,1825,3,3,3,0,3640,46,4,1Fam,WD,677018
Gilbert,1990,1996,9,5,2046,936,3,1,4,1,9224,20,14,1Fam,COD,377493
NridgHt,2009,2009,5,6,605,435,2,2,3,0,18457,1,1,1Fam,WD,367446
Crawfor,1907,1907,5,2,1269,347,2,2,3,0,19449,103,103,1Fam,WD,211395
BrkSide,1950,2010,4,6,2509,1041,2,2,3,1,14758,60,0,1Fam,WD,251193
Crawfor,2009,2010,3,4,3440,2180,2,2,5,1,11497,1,0,1Fam,WD,416640
Somerst,2005,2008,5,8,2743,1282,2,2,3,2,18320,5,2,1Fam,WD,443115
Gilbert,1980,1985,4,9,2692,2376,2,2,4,1,12195,30,25,Duplex,WD,391978
ClearCr,1972,2010,8,9,4303,2836,1,2,4,1,12154,38,0,1Fam,WD,546678
CollgCr,1905,1914,4,8,1873,373,2,3,4,1,5089,105,96,1Fam,WD,269216
BrkSide,2006,2007,8,3,3995,2292,2,2,3,0,2898,4,3,2fmCon,WD,350663
Somerst,1988,1989,6,4,3018,1222,4,1,3,0,11246,22,21,Duplex,WD,472074
IDOTRR,1938,1967,5,1,2209,1560,4,2,2,0,9191,72,43,1Fam,WD,246028
BrkSide,1959,1994,4,9,715,566,2,2,5,1,17232,51,16,1Fam,WD,182168
StoneBr,1927,1947,4,5,1616,933,2,1,5,0,12443,83,63,Duplex,COD,379096
NridgHt,1996,2009,4,6,759,664,1,2,4,1,15426,14,1,1Fam,WD,392581
NoRidge,1953,1969,9,3,1433,590,2,3,3,0,14549,57,41,1Fam,WD,470788
NridgHt,1936,2009,4,8,1074,932,1,2,3,0,13613,74,1,1Fam,WD,377700
NoRidge,1908,1970,9,7,2064,1611,2,1,5,0,4766,102,40,1Fam,WD,482769
Gilbert,1981,1995,10,1,2310,1064,2,1,2,1,7908,29,15,1Fam,WD,387872
NridgHt,1955,1996,6,5,4430,2096,2,2,4,0,16342,55,14,TwnhsE,WD,720831
Veenker,1958,2008,10,9,784,421,0,2,3,1,12636,52,2,2fmCon,WD,351574
NAmes,1984,1995,7,6,3031,2008,3,2,3,1,4997,26,15,Duplex,ConLD,353020
NridgHt,1901,1956,10,8,2454,1293,2,2,4,1,22840,109,54,1Fam,WD,593412
Mitchel,1960,1975,3,1,2919,2441,1,1,2,1,3474,50,35,1Fam,ConLD,289149
Veenker,1957,1997,8,7,569,114,1,1,3,1,10558,53,13,1Fam,WD,294158
NoRidge,2006,2008,3,3,878,467,2,2,5,1,10745,4,2,1Fam,COD,344976
Gilbert,1959,1986,1,9,1802,1428,1,1,3,0,6910,51,24,1Fam,WD,255631
Crawfor,2001,2001,10,6,4314,2140,3,3,4,2,4034,9,9,TwnhsE,COD,559225
NAmes,1939,2002,5,5,2849,2011,2,1,4,0,15750,71,8,1Fam,WD,296079
NWAmes,1935,1993,2,8,754,573,3,2,2,0,4717,75,17,1Fam,New,204689
Mitchel,2006,2007,10,8,2207,635,1,2,2,0,20219,4,3,TwnhsE,WD,351385
Veenker,1936,1993,6,3,3491,1384,2,2,3,1,22560,74,17,1Fam,WD,493054
StoneBr,1978,1979,10,2,1191,1167,2,2,3,0,24279,32,31,1Fam,WD,481170
NWAmes,1991,1994,9,2,1787,943,2,2,3,1,14714,19,16,TwnhsE,WD,341509
Mitchel,1917,1987,1,5,4266,3075,2,2,4,1,20041,93,23,1Fam,WD,365378
IDOTRR,1997,2009,4,7,1333,904,3,2,1,1,15676,13,1,Duplex,Oth,196634
ClearCr,1962,1976,1,8,3264,1896,2,2,3,0,20575,48,34,1Fam,WD,395094
Somerst,1921,2009,1,8,2971,1498,2,2,1,1,24425,89,1,2fmCon,COD,380965
Mitchel,1910,1996,8,8,4332,3782,3,2,2,0,21226,100,14,1Fam,Oth,472278
Somerst,1957,1978,2,3,2760,2142,1,2,3,0,3055,53,32,1Fam,WD,370842
BrkSide,1956,1981,1,2,4242,3041,1,2,4,0,18159,54,29,1Fam,WD,304882
NAmes,1976,2008,8,4,2535,818,2,3,2,1,20620,34,2,1Fam,WD,309194
ClearCr,1903,1977,4,1,2467,1420,2,2,3,1,4589,107,33,1Fam,WD,331625
NWAmes,1985,1994,3,3,599,375,2,2,3,1,16243,25,16,TwnhsE,WD,208824
NWAmes,1906,1930,4,9,2352,2142,1,1,3,1,9078,104,80,1Fam,WD,287074
NoRidge,1960,1996,5,7,3683,1661,2,2,3,1,3672,50,14,Twnhs,WD,614219
BrkSide,2006,2008,1,7,2855,1605,2,2,4,0,18036,4,2,1Fam,WD,260424
CollgCr,1953,2005,1,1,3225,1562,2,2,3,0,19488,57,5,1Fam,WD,329641
Mitchel,1987,1992,3,7,3022,1308,2,2,2,1,24685,23,18,1Fam,WD,320329
Somerst,1967,2007,6,7,2071,712,2,2,3,1,9224,43,3,Twnhs,New,390217
NAmes,1991,2003,1,4,611,308,3,0,3,1,11759,19,7,1Fam,WD,164970
Somerst,1978,2001,2,7,3658,2197,2,2,1,1,3326,32,9,1Fam,WD,446134
NridgHt,1900,1939,7,8,682,590,3,3,2,1,23393,110,71,1Fam,WD,395512
BrkSide,1954,1999,1,3,3144,2459,2,1,2,1,19254,56,11,1Fam,WD,268592
NoRidge,1902,1998,7,2,4352,2306,2,1,2,0,13239,108,12,TwnhsE,WD,642125
Veenker,1977,1993,4,7,664,468,2,2,3,1,6822,33,17,1Fam,WD,267602
IDOTRR,1937,1993,10,5,3362,1334,3,2,3,0,23012,73,17,TwnhsE,WD,297497
IDOTRR,1900,1901,6,5,2637,2128,2,2,3,0,7311,110,109,1Fam,COD,247158
Crawfor,2001,2009,8,5,2523,1569,3,2,4,0,3191,9,1,TwnhsE,COD,411998
Gilbert,1937,1998,9,7,954,852,4,2,3,1,8174,73,12,1Fam,WD,306651
ClearCr,1984,2007,6,9,2785,1378,1,1,4,1,12336,26,3,1Fam,WD,425962
Veenker,1928,1936,9,8,2522,1246,0,2,3,1,4890,82,74,1Fam,WD,408129
Somerst,1904,1971,4,6,3081,1268,1,1,2,2,20282,106,39,1Fam,WD,381668
Gilbert,1973,1989,6,7,4250,2193,2,2,3,0,11973,37,21,1Fam,WD,455507
NWAmes,1991,2007,8,9,1226,975,1,2,4,1,11362,19,3,1Fam,WD,294436
Mitchel,1920,1969,9,6,2605,2081,3,2,2,1,1536,90,41,1Fam,WD,343451
Mitchel,1970,1999,3,1,1041,555,0,2,2,2,13108,40,11,1Fam,COD,192693
NoRidge,1966,2005,2,4,2437,1360,2,2,3,0,19511,44,5,1Fam,WD,442074
CollgCr,2008,2009,6,8,1521,1091,1,2,3,2,3839,2,1,1Fam,WD,331977
NridgHt,1946,1966,4,7,3165,1101,3,1,3,0,24044,64,44,1Fam,WD,556640
CollgCr,1983,2000,1,3,2949,2605,2,1,2,1,15925,27,10,Twnhs,WD,366944
ClearCr,1982,2004,8,3,3553,1647,3,2,3,1,2871,28,6,1Fam,COD,488606
NAmes,1934,1962,9,3,1341,982,4,2,3,1,2176,76,48,1Fam,COD,265297
Somerst,1967,1990,9,1,2202,1520,2,3,3,0,6572,43,20,1Fam,WD,420403
NoRidge,1968,1977,2,1,4433,2622,2,1,3,0,1752,42,33,1Fam,WD,612495
StoneBr,1900,2008,9,6,2189,1615,1,2,3,0,4364,110,2,1Fam,WD,504095
NWAmes,1967,1983,7,1,3386,1092,2,2,3,1,19500,43,27,1Fam,WD,376593
Crawfor,1911,1928,5,5,1018,480,2,2,3,1,11708,99,82,1Fam,ConLD,221902
NoRidge,1959,2000,7,4,696,351,0,2,3,2,20115,51,10,1Fam,WD,373313
NoRidge,1926,2009,9,5,4404,3467,1,2,1,1,24317,84,1,Duplex,WD,747991
NWAmes,1955,1991,8,7,2593,1015,2,2,3,0,18644,55,19,1Fam,WD,337289
NridgHt,2005,2009,6,6,3077,2161,2,1,3,0,21170,5,1,Twnhs,WD,642808
Mitchel,1922,2003,4,9,1920,1289,2,1,2,0,7801,88,7,TwnhsE,WD,247801
NWAmes,1924,1940,1,6,2188,816,2,0,3,1,24950,86,70,1Fam,WD,245387
NoRidge,1920,1992,6,9,1499,1098,3,2,3,1,24718,90,18,1Fam,WD,458126
NoRidge,1960,1973,3,4,3323,1230,2,1,2,2,1892,50,37,1Fam,WD,515976
IDOTRR,1962,2010,6,1,2621,1357,1,2,3,0,12783,48,0,1Fam,WD,266248
Somerst,1951,1979,6,1,3987,1521,3,2,5,0,13234,59,31,1Fam,COD,513630
Somerst,1987,1990,4,7,4228,2192,4,3,3,0,2496,23,20,1Fam,New,557514
Mitchel,1924,2005,2,3,2137,1581,1,2,3,1,8648,86,5,1Fam,WD,245637
BrkSide,2008,2010,9,2,2882,1644,2,1,3,2,18984,2,0,1Fam,New,375118
IDOTRR,1954,1973,2,6,2370,1253,2,1,3,0,12391,56,37,TwnhsE,ConLD,200181
NWAmes,1945,1991,3,6,1132,612,1,1,5,0,16420,65,19,TwnhsE,WD,194139
Somerst,1931,1939,10,7,3235,1413,3,3,4,1,16042,79,71,1Fam,WD,526234
NoRidge,1954,1966,1,5,1074,373,2,2,4,1,20144,56,44,1Fam,WD,280615
Mitchel,1995,2009,7,8,2843,2360,3,1,5,0,15914,15,1,1Fam,WD,386014
CollgCr,1904,1930,1,7,1607,1019,2,2,3,1,20064,106,80,TwnhsE,WD,214798
ClearCr,1935,1949,9,2,1538,638,2,2,3,0,6816,75,61,Twnhs,WD,316351
BrkSide,2009,2010,1,1,2390,436,1,3,4,2,12788,1,0,1Fam,COD,226888
NoRidge,2005,2009,5,9,3705,2736,2,1,3,0,14259,5,1,1Fam,WD,676445
CollgCr,1948,2002,7,5,977,698,0,2,5,0,19664,62,8,1Fam,WD,291394
NridgHt,2005,2007,3,5,3180,1812,2,2,2,0,24317,5,3,1Fam,WD,587644
CollgCr,1957,1982,9,4,2866,1942,2,3,3,0,10971,53,28,1Fam,WD,447448
NridgHt,1938,1989,8,2,3963,2065,3,2,5,1,5508,72,21,1Fam,WD,700383
NoRidge,1979,2004,3,5,3026,1758,2,2,3,1,8873,31,6,Twnhs,WD,526355
NoRidge,1996,2004,5,2,4211,3637,3,1,4,1,16842,14,6,1Fam,WD,726522
Gilbert,1984,2009,7,7,2915,1927,2,2,2,1,16927,26,1,2fmCon,ConLD,405519
NWAmes,1960,1985,4,9,866,734,3,3,3,0,4786,50,25,1Fam,WD,233455
Crawfor,1908,1953,5,9,3859,1349,4,2,4,0,12373,102,57,1Fam,WD,418326
IDOTRR,1905,1996,3,6,2336,1224,2,2,3,2,6017,105,14,1Fam,WD,181941
Somerst,2008,2008,9,1,2925,2101,3,2,1,1,20512,2,2,TwnhsE,WD,519197
Veenker,1934,1986,10,6,2215,776,2,2,1,0,18422,76,24,1Fam,WD,440258
NAmes,1938,1940,9,5,3010,1010,3,2,4,0,15494,72,70,2fmCon,WD,351266
Timber,1921,1986,7,4,2117,1781,2,2,4,1,19664,89,24,2fmCon,ConLD,412967
IDOTRR,1940,1981,10,6,512,43,2,2,2,0,8105,70,29,1Fam,WD,167342
NridgHt,1904,1922,2,6,1035,177,2,2,2,1,13218,106,88,2fmCon,WD,287129
IDOTRR,1941,1957,7,6,3739,1605,1,2,4,1,16841,69,53,2fmCon,WD,296129
NridgHt,1986,1997,7,2,2817,1261,2,2,4,0,3848,24,13,1Fam,WD,585084
NAmes,1980,1980,5,7,3641,1566,4,1,2,0,17645,30,30,1Fam,COD,374268
CollgCr,1975,1986,9,4,3889,3293,2,3,3,1,23291,35,24,2fmCon,WD,529828
IDOTRR,1986,2002,3,9,875,611,2,2,4,0,17620,24,8,Duplex,WD,158966
NridgHt,1979,2002,4,2,3660,1817,3,2,3,0,19844,31,8,1Fam,COD,639399
CollgCr,1966,1968,1,5,2224,1310,3,2,5,1,17862,44,42,Duplex,WD,322294
IDOTRR,1929,1977,6,4,756,454,2,2,3,1,4591,81,33,Duplex,WD,153473
CollgCr,1956,2010,4,9,2764,1381,0,3,3,0,17336,54,0,1Fam,WD,364802
Crawfor,1985,2010,1,4,949,377,1,2,3,1,8597,25,0,1Fam,WD,195969
Gilbert,1972,2006,2,8,1393,1137,3,3,5,1,21446,38,4,1Fam,WD,307967
ClearCr,1928,1999,3,8,4115,1634,3,1,3,0,6581,82,11,1Fam,WD,466369
Crawfor,2010,2010,9,6,3712,1591,2,2,3,0,6401,0,0,1Fam,ConLD,501365
Crawfor,1936,1987,8,6,1684,880,2,2,3,1,3804,74,23,TwnhsE,WD,331532
BrkSide,1986,1989,7,8,2579,1343,3,2,4,0,12192,24,21,1Fam,WD,305138
NridgHt,1912,1918,4,9,2347,819,3,2,3,1,3985,98,92,Duplex,WD,453348
Veenker,1931,1976,1,5,3723,1398,3,2,3,1,14964,79,34,1Fam,WD,413548
IDOTRR,1945,1990,8,1,4430,2255,2,2,3,1,2148,65,20,TwnhsE,WD,316988
NAmes,2010,2010,4,1,1783,1368,2,2,2,1,11961,0,0,Duplex,WD,267243
ClearCr,1922,1937,3,2,4299,1812,2,2,1,1,15512,88,73,TwnhsE,WD,418940
Crawfor,1944,1967,9,5,3850,2052,2,2,3,0,21699,66,43,2fmCon,WD,480639
Veenker,1916,1976,10,4,1808,1006,3,2,3,0,7779,94,34,Duplex,WD,421410
StoneBr,2003,2008,4,1,1109,939,2,2,4,1,11243,7,2,1Fam,ConLD,399359
CollgCr,1984,1984,4,4,1416,731,3,2,4,1,4132,26,26,1Fam,WD,300989
Somerst,1965,1989,9,4,3089,1288,2,2,4,1,2768,45,21,1Fam,WD,483107
Crawfor,2000,2009,2,4,2125,1122,3,1,3,0,3273,10,1,1Fam,WD,311893
NridgHt,1905,1984,5,1,647,391,2,1,4,2,12781,105,26,1Fam,WD,304717
IDOTRR,2007,2010,4,9,1155,535,2,1,2,0,8520,3,0,1Fam,WD,200663
IDOTRR,1917,1974,9,3,2614,1432,2,2,2,0,5127,93,36,TwnhsE,WD,227096
Gilbert,1993,2000,5,4,4440,1239,1,2,2,0,19050,17,10,1Fam,WD,446310
CollgCr,1921,1949,9,5,3117,1188,3,1,3,0,4048,89,61,TwnhsE,WD,402103
Veenker,1932,1937,9,7,2316,1055,2,1,3,1,3050,78,73,1Fam,WD,427375
Mitchel,1929,1944,2,6,1802,953,2,2,3,0,20024,81,66,1Fam,WD,219206
Gilbert,1980,1999,9,5,3295,2330,3,2,3,0,7002,30,11,1Fam,WD,485080
StoneBr,2006,2006,3,8,942,877,3,1,3,0,23892,4,4,1Fam,WD,396435
BrkSide,1931,2008,4,1,3444,1661,2,2,3,1,7922,79,2,1Fam,WD,266048
Mitchel,1941,1983,1,7,4436,2498,3,1,3,1,7346,69,27,1Fam,COD,338030
BrkSide,1977,2002,1,6,898,502,1,2,2,1,21404,33,8,1Fam,WD,143844
NWAmes,1909,1998,1,5,1651,477,1,1,2,0,8625,101,12,1Fam,WD,193929
Crawfor,2010,2010,9,7,3908,3119,2,2,3,1,13346,0,0,1Fam,WD,535114
ClearCr,1935,2005,8,3,3029,2666,2,2,2,0,10312,75,5,1Fam,WD,443914
BrkSide,1933,1965,5,1,4292,1580,2,2,3,0,6907,77,45,1Fam,WD,300721
NAmes,1972,1997,5,9,3495,1157,2,1,4,1,20407,38,13,1Fam,COD,356419
NridgHt,2005,2005,9,2,2733,1133,2,2,3,1,6267,5,5,Duplex,WD,616224
NridgHt,1927,1971,3,3,2716,1546,3,2,3,0,9862,83,39,1Fam,WD,477044
Somerst,1910,1993,3,8,2207,1377,2,3,4,0,23528,100,17,Twnhs,Oth,367886
Mitchel,1977,1979,7,9,3831,3392,4,2,3,0,20303,33,31,TwnhsE,Oth,467632
IDOTRR,1938,1989,9,3,4288,2914,3,2,2,0,12471,72,21,1Fam,WD,326433
StoneBr,1946,1971,6,6,2487,1533,2,2,3,1,11108,64,39,1Fam,WD,523171
Crawfor,1918,1992,2,7,2170,1294,2,1,3,0,23961,92,18,1Fam,WD,286706
Somerst,1914,1915,1,1,2081,1488,2,3,3,2,16020,96,95,1Fam,COD,301588
IDOTRR,1927,1940,2,7,1006,683,3,2,4,1,17291,83,70,1Fam,WD,156558
NAmes,1923,1952,1,4,3068,1892,0,2,2,1,2438,87,58,TwnhsE,Oth,242917
NAmes,1971,1982,10,5,4042,2616,2,1,3,1,22814,39,28,1Fam,WD,428707
CollgCr,2006,2007,10,8,660,698,3,1,3,1,24236,4,3,Twnhs,WD,358072
ClearCr,1908,1951,9,4,3860,2436,2,2,4,1,24827,102,59,TwnhsE,WD,497572
Veenker,1946,1978,10,4,839,569,2,2,4,0,15172,64,32,Twnhs,WD,338789
NridgHt,1932,1944,8,8,4471,3146,2,2,3,1,11723,78,66,1Fam,ConLD,786962
NAmes,1961,1974,7,5,4404,2709,3,2,2,0,4677,49,36,1Fam,WD,419151
Mitchel,1996,2003,3,6,4073,2343,3,2,3,0,17184,14,7,2fmCon,WD,410505
IDOTRR,1918,1943,8,5,3677,2506,2,2,2,0,23235,92,67,2fmCon,WD,295976
IDOTRR,1966,1986,2,1,2325,1207,2,0,3,1,6600,44,24,1Fam,WD,168171
CollgCr,1973,2000,2,7,1998,1231,3,2,3,2,5296,37,10,2fmCon,WD,309622
NWAmes,1939,1986,10,6,4424,1204,3,2,5,0,20768,71,24,1Fam,New,539288
BrkSide,1946,1985,3,2,2123,1467,3,2,3,1,11423,64,25,1Fam,WD,238960
NAmes,2005,2006,7,7,1986,1369,2,1,3,1,19156,5,4,1Fam,WD,312257
Timber,1964,2005,1,6,2006,1672,3,1,2,0,15128,46,5,TwnhsE,WD,360829
ClearCr,1928,2000,8,5,3251,1491,2,1,2,0,7907,82,10,1Fam,WD,432295
NoRidge,1949,1971,7,8,1676,750,1,3,2,0,19636,61,39,2fmCon,WD,463061
IDOTRR,1997,2009,4,5,1322,465,2,2,4,1,8930,13,1,1Fam,Oth,176501
Crawfor,1912,1934,5,2,4220,1161,2,1,2,0,13179,98,76,1Fam,WD,395589
Timber,1900,1980,10,6,1284,780,3,1,5,0,19575,110,30,TwnhsE,WD,393631
Gilbert,1933,1980,1,1,3720,1404,1,1,3,1,10949,77,30,1Fam,WD,344459
Crawfor,1992,1993,4,5,3759,2588,3,2,3,1,23057,18,17,1Fam,WD,427973
Somerst,1947,1966,1,6,4224,2957,2,1,3,2,5405,63,44,1Fam,WD,464436
NoRidge,2010,2010,1,7,630,470,2,2,3,0,7546,0,0,TwnhsE,WD,304896
Gilbert,1976,1995,10,2,1975,1632,0,2,3,2,7580,34,15,1Fam,WD,342049
CollgCr,1947,2005,1,1,3063,1691,2,2,3,0,11990,63,5,1Fam,WD,342681
Mitchel,1948,1993,7,6,4062,2074,2,2,3,0,24040,62,17,1Fam,WD,413028
CollgCr,1963,1965,7,3,1999,1493,2,2,4,2,24698,47,45,1Fam,WD,358829
NAmes,1960,1971,4,5,3834,2982,2,2,3,1,8184,50,39,1Fam,WD,368856
CollgCr,1928,1967,2,2,4109,1715,2,2,3,0,3604,82,43,TwnhsE,WD,375422
Crawfor,1938,2003,3,1,4030,1068,3,2,3,1,22983,72,7,1Fam,WD,418911
NAmes,1987,1990,8,1,3083,1541,2,2,2,1,10876,23,20,1Fam,WD,346482
ClearCr,1925,2002,8,4,4349,1994,2,2,2,1,1936,85,8,TwnhsE,WD,505417
NoRidge,1916,1931,6,2,3288,2765,2,2,2,1,16613,94,79,1Fam,WD,556988
NridgHt,1970,1988,10,1,1280,965,3,3,3,1,22209,40,22,1Fam,WD,518712
NWAmes,1912,1945,9,6,4208,2263,2,2,3,1,14618,98,65,2fmCon,WD,457559
Crawfor,1968,1973,9,4,2207,1746,0,3,4,1,14628,42,37,1Fam,COD,399285
NWAmes,1925,2001,4,7,2269,1265,3,1,3,1,16192,85,9,1Fam,WD,309135
Timber,1948,1983,1,6,1818,634,2,2,2,1,8508,62,27,1Fam,WD,304459
NoRidge,1966,1987,1,5,2438,1910,1,3,3,0,15069,44,23,1Fam,WD,453269
NridgHt,1906,1923,10,2,1958,1579,4,2,4,0,10326,104,87,1Fam,WD,535037
Somerst,1957,1968,5,5,3846,3004,2,3,3,0,19877,53,42,Twnhs,WD,506920
Crawfor,1948,1999,2,9,3135,2006,2,1,3,1,4175,62,11,1Fam,WD,349033
Somerst,2002,2007,6,9,3879,2829,2,3,4,0,23745,8,3,TwnhsE,WD,568196
ClearCr,1952,1981,7,2,3273,1096,3,2,2,0,3840,58,29,1Fam,WD,417440
BrkSide,1964,2003,1,7,3490,2305,2,1,4,0,5316,46,7,TwnhsE,WD,276160
Somerst,1961,1967,6,4,3544,3196,2,3,3,0,3781,49,43,2fmCon,WD,516774
CollgCr,1916,1963,8,3,875,537,1,1,3,1,7322,94,47,Duplex,Oth,251507
Mitchel,1942,1960,5,1,3729,2723,3,1,3,0,17537,68,50,1Fam,WD,385203
Somerst,1924,1929,7,3,4385,2655,2,1,4,0,10496,86,81,1Fam,WD,519494
Crawfor,1902,1985,10,9,2751,1399,2,2,3,1,15824,108,25,1Fam,WD,414924
NAmes,1978,2004,6,9,3536,2561,2,3,3,1,12973,32,6,2fmCon,New,395892
BrkSide,1928,1980,4,7,1160,258,2,1,4,0,24566,82,30,Duplex,WD,186811
StoneBr,2006,2008,7,3,2622,1609,3,2,4,0,9597,4,2,1Fam,WD,569449
BrkSide,1931,1978,10,3,1903,754,2,1,4,2,18439,79,32,TwnhsE,WD,253543
CollgCr,1925,1931,9,4,1240,777,3,2,2,0,9567,85,79,TwnhsE,WD,287881
Timber,1915,1973,10,7,803,395,2,1,4,2,6841,95,37,1Fam,New,384171
ClearCr,1924,1992,10,7,1585,729,3,1,3,0,22927,86,18,1Fam,WD,368060
IDOTRR,1953,1963,7,2,3117,1386,0,1,3,0,16658,57,47,Duplex,COD,267741
CollgCr,1927,1941,5,5,1285,1250,2,2,4,0,17127,83,69,1Fam,New,312107
Somerst,1972,1974,7,7,3679,2673,4,3,3,0,7529,38,36,Duplex,COD,537630
Gilbert,1955,1959,3,7,1710,886,4,2,3,1,24702,55,51,Duplex,WD,265116
Timber,1964,1986,2,6,3534,2169,2,1,3,2,15841,46,24,1Fam,New,521049
NridgHt,1992,1996,5,8,728,514,2,2,4,2,3594,18,14,1Fam,WD,390921
NoRidge,1985,1993,4,3,3619,1343,1,2,3,1,21362,25,17,1Fam,WD,593651
NoRidge,1979,1993,5,1,2354,1171,3,1,3,1,20814,31,17,TwnhsE,WD,501220
StoneBr,1940,1942,8,3,767,217,2,1,3,1,12319,70,68,1Fam,WD,364119
NoRidge,2007,2007,4,2,3274,2566,2,1,3,1,5020,3,3,1Fam,WD,590382
Gilbert,1950,1955,9,2,3349,2169,1,2,4,0,17942,60,55,TwnhsE,WD,409890
StoneBr,2004,2004,7,2,753,396,3,2,2,0,21586,6,6,1Fam,WD,395668
Somerst,1970,1995,10,5,3504,1223,2,2,3,1,20491,40,15,1Fam,WD,529836
NAmes,1977,1997,7,1,1369,1395,2,1,4,1,6610,33,13,1Fam,COD,250292
CollgCr,1928,1999,8,4,2634,941,2,2,3,1,15002,82,11,1Fam,WD,383573
Gilbert,1982,2002,6,5,1704,882,2,3,3,1,9956,28,8,1Fam,New,345177
StoneBr,1918,1928,8,2,1548,409,2,1,1,1,3207,92,82,1Fam,WD,382590
StoneBr,1965,2002,3,5,3959,2320,3,3,4,1,15369,45,8,Twnhs,COD,629332
NridgHt,1940,1974,10,4,2769,2043,3,2,3,2,20177,70,36,1Fam,WD,667718
StoneBr,1944,1957,10,8,1489,567,2,1,3,0,12979,66,53,1Fam,Oth,450294
Veenker,1914,1927,1,1,896,247,3,2,3,2,3984,96,83,1Fam,WD,205514
StoneBr,1902,1911,6,5,1437,765,2,3,3,1,20619,108,99,1Fam,New,415430
NoRidge,1910,1921,1,1,3058,2140,2,2,3,1,12215,100,89,1Fam,WD,444560
NoRidge,1952,1989,9,4,3108,1589,4,2,4,1,21339,58,21,1Fam,WD,661806
CollgCr,1945,1978,2,8,3393,1485,2,1,3,0,18821,65,32,TwnhsE,WD,378887
Timber,1929,1969,2,1,939,842,2,2,3,0,2377,81,41,1Fam,New,262217
Somerst,1956,1965,7,2,3746,3170,4,2,4,1,12396,54,45,1Fam,New,584360
CollgCr,2003,2004,2,1,2427,2142,1,3,3,0,10238,7,6,1Fam,WD,352221
Gilbert,1917,1933,10,7,2858,2114,3,2,2,1,3962,93,77,1Fam,WD,389920
NridgHt,1950,1966,8,2,2507,963,3,2,4,0,5993,60,44,1Fam,WD,547098
Mitchel,1947,1949,6,1,3845,1626,2,0,3,2,13270,63,61,1Fam,WD,359388
Crawfor,1965,1995,7,6,534,433,0,1,3,0,7635,45,15,1Fam,WD,233373
NoRidge,1995,1997,7,6,2764,1481,2,2,2,1,13323,15,13,1Fam,WD,597042
NAmes,1907,1907,6,2,1220,971,1,1,4,2,20099,103,103,1Fam,WD,203033
BrkSide,1921,1932,10,1,4243,3229,2,2,3,2,17549,89,78,1Fam,WD,378217
NridgHt,1905,2007,9,3,3563,2458,3,2,4,1,23610,105,3,1Fam,WD,708850
Veenker,1975,1978,9,5,3979,1605,2,3,5,1,23831,35,32,1Fam,WD,580955
Mitchel,2010,2010,7,6,1018,743,2,2,5,0,19311,0,0,TwnhsE,WD,296463
NWAmes,1956,1997,9,3,768,552,2,2,4,0,7787,54,13,Duplex,WD,259478
StoneBr,2003,2007,10,9,1137,644,2,3,1,0,17777,7,3,Twnhs,WD,520663
Timber,1935,1938,3,5,3022,2368,3,1,4,1,19583,75,72,1Fam,WD,440465
Somerst,1978,1995,3,2,4451,2022,2,2,2,0,15342,32,15,1Fam,WD,486993
CollgCr,1991,1995,1,6,1848,419,3,2,4,1,13661,19,15,1Fam,WD,286780
Crawfor,1956,1974,5,8,1879,1196,2,1,3,0,15903,54,36,Duplex,New,330200
Somerst,1948,1949,4,6,589,352,2,2,3,1,20029,62,61,1Fam,WD,238936
CollgCr,1944,1955,2,4,1565,426,2,1,2,1,8458,66,55,1Fam,WD,220455
NWAmes,1981,1997,9,6,1888,900,2,1,4,1,22156,29,13,1Fam,WD,351454
NridgHt,1965,1974,3,8,2194,1791,2,1,2,0,3323,45,36,1Fam,WD,473228
Timber,1976,2009,8,8,3773,2551,2,3,3,0,21868,34,1,1Fam,WD,639263
NWAmes,1944,1949,6,2,1889,1343,3,2,4,0,11968,66,61,1Fam,WD,288118
NAmes,1978,1985,5,8,4365,1677,2,2,3,0,12635,32,25,1Fam,WD,370702
CollgCr,1919,1969,1,6,3529,1151,3,2,1,1,21655,91,41,TwnhsE,WD,355382
CollgCr,1963,1973,4,2,4415,2008,0,2,3,0,2000,47,37,TwnhsE,WD,448906
NoRidge,1992,2003,3,1,2835,1416,2,2,2,0,23490,18,7,1Fam,WD,522092
ClearCr,2005,2005,1,6,4174,1829,0,2,3,1,9439,5,5,1Fam,WD,445673
CollgCr,1992,1993,5,7,980,298,2,1,5,1,23491,18,17,1Fam,WD,281352
Timber,1966,1973,6,5,3184,2021,3,2,3,0,14777,44,37,1Fam,WD,524327
Timber,1982,2007,2,8,1000,736,0,1,3,0,15289,28,3,1Fam,WD,300366
Somerst,1902,1912,3,9,2161,1760,2,1,3,0,20634,108,98,1Fam,WD,321403
NridgHt,1953,2005,6,4,2599,1124,1,2,5,1,19196,57,5,1Fam,New,596872
Somerst,1977,1986,4,7,4487,2601,2,2,3,1,20037,33,24,1Fam,COD,536731
Timber,1963,1983,9,8,602,401,3,2,3,1,6236,47,27,1Fam,WD,359690
Somerst,1939,1946,5,6,3932,2382,2,2,3,0,2108,71,64,1Fam,WD,472916
NoRidge,1958,1993,4,2,1947,728,2,2,4,1,12735,52,17,1Fam,COD,442174
NAmes,1954,1982,2,7,3246,2879,2,2,4,0,22988,56,28,2fmCon,COD,314694
Crawfor,1961,2002,6,9,3776,2612,3,2,3,1,15387,49,8,1Fam,WD,478406
Gilbert,1903,1978,10,5,3585,1816,2,2,3,1,19547,107,32,1Fam,WD,439491
Mitchel,1959,1972,2,2,2463,879,2,3,3,0,4794,51,38,1Fam,New,283284
CollgCr,1974,1994,7,4,2139,1348,2,3,3,0,23808,36,16,1Fam,WD,370029
NoRidge,1994,2005,3,3,4200,2931,3,2,3,1,19881,16,5,1Fam,COD,677249
CollgCr,2006,2007,9,4,3017,1345,2,2,3,0,16673,4,3,1Fam,WD,438001
Crawfor,1995,2008,5,7,4037,2193,2,2,2,0,23906,15,2,1Fam,New,517426
NWAmes,1990,1996,8,8,1827,1286,2,2,4,1,21069,20,14,1Fam,WD,371572
ClearCr,1929,1948,6,1,4176,2944,2,1,2,1,3031,81,62,2fmCon,WD,491496
NoRidge,2006,2006,10,8,2974,1960,2,2,2,1,15775,4,4,1Fam,ConLD,691385
Veenker,1901,1901,8,5,2179,1931,2,3,3,0,5716,109,109,1Fam,WD,402361
Somerst,1961,1986,3,7,2657,1963,2,2,2,0,5206,49,24,TwnhsE,WD,376056
Gilbert,1948,1985,3,1,4246,2132,2,2,3,0,12766,62,25,1Fam,New,436429
Crawfor,1908,1945,5,2,2088,1415,2,1,3,1,22386,102,65,Twnhs,WD,301298
Somerst,1991,2002,10,1,3062,2347,3,2,4,0,16276,19,8,1Fam,WD,533683
IDOTRR,1930,1973,3,5,567,221,3,1,5,1,11346,80,37,1Fam,WD,141849
Crawfor,1997,2006,8,6,3817,3337,3,2,4,0,14219,13,4,1Fam,WD,512367
Timber,1960,1965,10,9,2936,946,2,2,2,0,22888,50,45,TwnhsE,WD,563926
NoRidge,1978,1994,8,8,2173,1426,2,2,4,0,13848,32,16,1Fam,COD,574263
StoneBr,1947,1997,2,7,807,427,3,2,3,2,21428,63,13,1Fam,WD,318576
Timber,1924,1961,4,5,4496,1976,2,2,3,1,15058,86,49,1Fam,WD,545124
StoneBr,1935,1958,10,3,1875,663,2,2,3,2,5318,75,52,TwnhsE,WD,480524
StoneBr,1907,1957,1,9,2322,1490,3,1,3,0,9587,103,53,1Fam,New,420835
Veenker,1972,1981,4,5,1589,426,2,3,4,0,24966,38,29,TwnhsE,WD,344545
StoneBr,1957,1964,4,3,959,884,2,0,3,0,16704,53,46,1Fam,COD,297745
NAmes,2000,2004,10,3,2894,1974,0,0,3,1,4943,10,6,1Fam,ConLD,336913
NoRidge,1944,2000,9,3,2872,1342,1,2,3,0,17148,66,10,1Fam,WD,592626
CollgCr,1961,1999,3,6,1166,739,0,3,4,0,23593,49,11,1Fam,WD,252880
ClearCr,1938,1970,2,1,2122,1016,3,2,4,0,2547,72,40,Duplex,WD,285736
IDOTRR,1995,2005,9,4,1556,1310,2,0,3,1,12145,15,5,1Fam,WD,241949
NoRidge,1957,1974,9,8,567,451,2,1,3,0,13774,53,36,TwnhsE,WD,404570
Somerst,1980,2003,1,3,2734,2166,3,3,3,0,20544,30,7,1Fam,New,447806
IDOTRR,1998,2009,6,5,2739,2150,2,2,3,0,9430,12,1,1Fam,WD,242710
NAmes,2000,2008,10,2,1736,962,2,2,3,0,17494,10,2,1Fam,WD,297876
Mitchel,1982,2001,8,2,2123,1771,2,1,3,1,8558,28,9,1Fam,WD,296838
Timber,1963,1994,3,7,2975,2573,3,0,2,1,17703,47,16,1Fam,WD,451926
StoneBr,1943,1990,9,3,1874,1634,1,1,3,0,7766,67,20,1Fam,WD,478949
Gilbert,1928,1969,2,5,3679,1317,1,2,3,1,12059,82,41,1Fam,WD,347492
BrkSide,1958,1984,6,3,3811,3139,1,1,3,0,4908,52,26,TwnhsE,WD,336808
CollgCr,1970,1979,1,6,2763,1458,2,3,4,0,24185,40,31,Twnhs,COD,347963
Crawfor,1991,2004,7,3,676,382,2,1,1,1,19568,19,6,1Fam,WD,256424
Veenker,1908,1959,3,8,2088,699,2,2,3,2,14876,102,51,1Fam,ConLD,349456
NWAmes,1991,2000,7,2,1853,651,2,1,2,1,2369,19,10,1Fam,WD,316149
StoneBr,1905,1936,4,3,3108,1287,2,2,2,0,6623,105,74,1Fam,ConLD,469302
Somerst,1928,1953,9,8,3428,1494,1,1,3,1,23759,82,57,Duplex,New,520732
ClearCr,1957,1981,5,8,1125,387,1,2,5,0,24611,53,29,1Fam,WD,286659
CollgCr,1916,1990,3,1,4021,3008,2,2,3,1,18426,94,20,1Fam,WD,414640
Timber,1915,1937,8,8,3154,1016,3,1,3,0,3703,95,73,2fmCon,WD,467063
NoRidge,1986,1987,6,2,4018,1893,3,2,2,1,20819,24,23,1Fam,WD,668746
Crawfor,1994,2001,2,7,4108,1539,4,2,3,0,18635,16,9,1Fam,WD,429861
Veenker,1902,1988,3,6,4215,2335,2,3,5,1,3611,108,22,2fmCon,WD,495246
Crawfor,1920,1950,8,2,678,211,2,3,3,1,8776,90,60,1Fam,WD,240747
StoneBr,1963,1969,10,5,894,249,2,3,4,0,23583,47,41,Duplex,WD,462438
CollgCr,1989,1996,7,7,1668,1018,2,1,5,1,18430,21,14,1Fam,WD,337679
CollgCr,1935,1967,10,8,1375,1042,1,1,3,1,16086,75,43,1Fam,WD,338718
NridgHt,2005,2009,6,3,1461,676,2,3,3,0,22845,5,1,1Fam,WD,463761
Somerst,2000,2001,1,1,697,389,2,2,3,0,20441,10,9,1Fam,WD,204656
NoRidge,1985,2002,9,7,1468,619,2,1,4,1,3071,25,8,1Fam,WD,480203
NridgHt,1961,2007,3,5,4408,3604,2,2,2,0,8084,49,3,1Fam,New,726832
IDOTRR,1941,1973,5,5,3655,1782,1,1,3,2,20575,69,37,1Fam,WD,288306
Somerst,1975,2008,7,7,1168,509,2,2,3,0,24844,35,2,1Fam,WD,345883
Mitchel,1941,1975,7,1,3656,1731,1,2,3,0,11449,69,35,1Fam,WD,352490
Timber,1960,2010,3,8,3004,1685,4,2,4,2,6274,50,0,1Fam,Oth,474659
Gilbert,1912,1929,4,5,4047,1192,1,2,3,2,14061,98,81,1Fam,WD,373210
NWAmes,1910,1997,10,8,1776,442,2,2,3,0,1559,100,13,1Fam,ConLD,264893
Crawfor,1953,1960,7,5,2410,1214,3,2,3,1,15602,57,50,1Fam,WD,363140
CollgCr,1915,1944,8,7,571,302,2,2,3,0,24095,95,66,1Fam,WD,265035
ClearCr,1907,1950,2,3,722,431,1,1,3,1,19222,103,60,1Fam,WD,148160
Somerst,2003,2007,9,2,2823,1862,2,2,3,1,8501,7,3,1Fam,WD,486918
BrkSide,1958,1967,7,6,4366,3356,1,2,3,0,9448,52,43,1Fam,WD,361356
NAmes,1956,1978,8,5,4347,2221,2,2,3,0,20355,54,32,Twnhs,New,463480
IDOTRR,1939,1990,6,9,1769,1114,1,2,2,0,17126,71,20,1Fam,WD,208846
NoRidge,2008,2008,6,4,1864,1512,2,2,3,0,10254,2,2,1Fam,WD,503095
NWAmes,1958,1968,9,3,3120,2268,3,1,4,0,10674,52,42,1Fam,WD,395385
BrkSide,1901,1966,4,9,1423,822,2,2,4,1,22404,109,44,Duplex,New,186373
StoneBr,1993,1996,5,8,970,694,2,2,3,0,14546,17,14,TwnhsE,WD,386772
NridgHt,1993,1993,9,6,3001,1108,2,2,3,1,9601,17,17,1Fam,WD,647133
NWAmes,1975,1987,1,1,4342,2587,2,2,4,1,19614,35,23,Duplex,WD,411665
Crawfor,1909,1948,4,1,3516,1529,3,1,3,1,22223,101,62,1Fam,ConLD,355640
NAmes,1943,2010,7,6,2554,919,1,2,4,0,9379,67,0,1Fam,WD,320037
NoRidge,1910,1951,9,3,687,574,3,3,4,0,9300,100,59,1Fam,WD,384629
Mitchel,1978,1996,10,3,2551,1033,2,3,2,1,20931,32,14,1Fam,WD,358528
Timber,1979,1996,6,6,4314,3076,3,2,3,0,11049,31,14,1Fam,WD,612175
StoneBr,1980,1984,8,3,2168,1378,2,2,2,1,23109,30,26,1Fam,WD,533290
StoneBr,1989,2007,9,6,3454,2124,2,2,2,0,19669,21,3,1Fam,WD,678061
Mitchel,1901,1958,10,5,1648,766,3,3,4,1,15698,109,52,1Fam,WD,301472
Gilbert,1949,1971,4,4,3586,1114,3,2,4,1,3462,61,39,1Fam,WD,386559
CollgCr,1911,1964,1,8,1459,936,2,2,2,1,16636,99,46,1Fam,WD,224667
Somerst,1989,2004,8,2,3072,2558,4,2,3,0,8746,21,6,1Fam,WD,514316
NAmes,1922,1986,2,7,1129,650,1,1,3,0,10880,88,24,1Fam,WD,161579
Somerst,1917,1928,1,4,3811,1881,1,2,3,1,7465,93,82,1Fam,WD,406779
Mitchel,1961,1984,7,2,1274,896,2,2,3,0,4178,49,26,1Fam,WD,225434
ClearCr,1995,1996,10,7,859,347,2,2,5,0,23989,15,14,1Fam,WD,387343
Somerst,1961,1968,9,1,1017,820,4,3,2,1,14868,49,42,1Fam,WD,348095
CollgCr,1937,1954,9,4,1843,1152,2,1,2,1,12699,73,56,TwnhsE,WD,329834
Veenker,2010,2010,3,9,3802,1841,0,2,2,0,6807,0,0,1Fam,WD,484268
NWAmes,1966,1970,6,4,2469,1215,2,1,3,1,21007,44,40,1Fam,WD,332776
CollgCr,1937,1962,7,3,3601,1634,2,1,3,1,4643,73,48,1Fam,WD,415522
Timber,1966,1995,10,2,4105,1964,2,3,3,0,4300,44,15,Twnhs,New,679051
NAmes,1993,2005,9,3,1420,1008,2,2,3,1,18207,17,5,1Fam,WD,283014
Somerst,1960,1978,2,1,3727,2514,1,2,4,1,20086,50,32,1Fam,WD,436022
CollgCr,1900,1928,8,8,4201,2983,2,1,3,2,24086,110,82,1Fam,New,529013
BrkSide,1993,1995,7,1,3399,2355,2,2,3,0,3294,17,15,1Fam,WD,336008
Crawfor,1944,2001,4,3,1434,486,2,2,4,1,11940,66,9,1Fam,WD,268693
NoRidge,1995,2004,2,3,2486,1583,2,1,4,0,3842,15,6,1Fam,WD,443353
BrkSide,1927,2002,8,2,1400,658,1,2,3,0,13092,83,8,1Fam,WD,206624
Crawfor,1920,1921,5,5,2228,1494,2,1,3,1,11667,90,89,1Fam,ConLD,291310
Somerst,2009,2009,6,3,2946,1400,2,2,4,0,20929,1,1,1Fam,COD,497869
NoRidge,1912,1939,7,3,1869,996,1,3,2,0,2807,98,71,2fmCon,WD,412493
Mitchel,1926,2007,10,8,1718,1197,2,2,3,0,17035,84,3,1Fam,New,318659
Crawfor,1999,2003,1,4,2715,1723,4,3,3,0,16445,11,7,Duplex,WD,345001
CollgCr,1906,1991,8,4,876,363,2,2,2,1,16184,104,19,1Fam,WD,252256
NAmes,1921,1996,4,3,4060,2258,2,2,2,0,2955,89,14,1Fam,WD,337438
Mitchel,1973,1974,9,1,2274,1177,2,2,3,1,12121,37,36,1Fam,WD,308110
StoneBr,2002,2006,1,8,3933,2719,2,2,4,0,6891,8,4,1Fam,WD,589115
Veenker,1952,1958,2,1,2005,1799,3,2,4,1,4039,58,52,1Fam,WD,332540
Timber,1978,2003,6,7,1767,982,4,2,5,1,5118,32,7,Duplex,WD,428911
NWAmes,1978,2003,10,5,4152,2456,2,1,2,0,3878,32,7,1Fam,WD,463123
NridgHt,1903,1990,1,4,3154,1775,2,1,3,1,20089,107,20,2fmCon,WD,477419
Crawfor,1995,2006,4,4,1510,380,3,3,4,1,14219,15,4,1Fam,New,303395
NWAmes,1922,1937,8,8,3136,1402,1,0,3,1,2639,88,73,1Fam,WD,354578
NAmes,1969,1991,10,6,1694,1413,3,3,3,0,5091,41,19,TwnhsE,COD,286762
Somerst,1987,1994,5,1,4084,2593,3,2,2,1,22598,23,16,1Fam,WD,533145
Mitchel,1983,2010,9,8,3977,1261,1,2,3,0,6214,27,0,1Fam,New,501393
NoRidge,2000,2008,6,2,4145,1616,4,2,3,0,12365,10,2,1Fam,WD,685184
NAmes,1983,1997,1,6,1730,1127,4,2,2,1,6167,27,13,1Fam,New,237896
NoRidge,1975,1987,6,9,1677,1361,3,1,5,0,9957,35,23,Duplex,WD,482438
Somerst,1932,1936,6,1,4357,3456,2,2,2,1,17257,78,74,1Fam,WD,527765
Mitchel,1927,2001,6,6,2595,1045,2,2,5,1,9793,83,9,1Fam,WD,316177
StoneBr,1907,1980,8,8,2172,1605,2,1,4,1,16832,103,30,TwnhsE,ConLD,512089
Timber,1900,1951,6,2,3572,2096,2,1,3,0,21857,110,59,Duplex,New,548174
NWAmes,1936,1976,5,5,4318,2945,2,1,4,2,3769,74,34,1Fam,WD,420229
NWAmes,1962,2007,2,6,2428,1426,2,1,3,1,20367,48,3,1Fam,WD,287602
Gilbert,1921,1970,4,5,4339,1750,2,1,3,0,19097,89,40,1Fam,WD,401930
Gilbert,1969,1983,10,3,3978,3352,1,2,3,0,22619,41,27,1Fam,Oth,497445
CollgCr,1920,1926,5,4,3678,1412,2,2,3,1,12684,90,84,1Fam,WD,400491
Timber,1995,2002,10,7,672,105,0,3,3,1,22313,15,8,1Fam,COD,365712
Somerst,1934,1961,4,4,3053,2457,2,1,3,1,11296,76,49,1Fam,WD,401132
StoneBr,1978,2009,2,9,3701,1946,2,2,3,1,17160,32,1,1Fam,ConLD,590982
BrkSide,1904,2002,7,2,2945,2366,1,2,3,0,16186,106,8,1Fam,WD,296346
Crawfor,1959,1973,10,5,793,602,4,3,3,0,7495,51,37,1Fam,WD,307050
ClearCr,1945,2009,10,8,1051,468,0,2,3,0,2069,65,1,1Fam,WD,322009
CollgCr,1949,1952,2,5,1970,1780,2,2,3,1,3045,61,58,1Fam,WD,282824
BrkSide,1947,1957,1,8,3397,1077,3,2,4,0,2408,63,53,1Fam,WD,259733
StoneBr,1905,1930,5,8,1539,1195,3,2,3,0,5962,105,80,1Fam,COD,384249
Crawfor,1988,1992,1,9,2162,973,0,1,4,0,5583,22,18,1Fam,WD,275695
CollgCr,1955,1977,1,6,1384,1539,3,2,3,1,4840,55,33,1Fam,WD,286724
Crawfor,2009,2009,1,4,1872,906,3,2,3,1,8447,1,1,1Fam,COD,326634
NridgHt,1958,1978,6,3,3551,2303,2,1,3,0,8539,52,32,1Fam,WD,615834
NAmes,2003,2010,9,5,1726,1223,2,2,1,2,8612,7,0,1Fam,New,330703
BrkSide,1928,1967,10,6,633,376,0,2,5,0,20309,82,43,1Fam,New,229385
Crawfor,1970,1982,1,3,1270,780,2,3,2,0,12910,40,28,1Fam,COD,234723
Gilbert,2003,2009,5,2,4097,3165,2,2,3,0,8655,7,1,Duplex,WD,479665
BrkSide,1976,1991,9,7,3055,2175,3,2,2,0,8170,34,19,2fmCon,WD,307004
NWAmes,2001,2004,9,5,1589,1116,2,2,2,0,19756,9,6,Twnhs,WD,330761
StoneBr,1917,1996,1,9,979,546,2,2,4,1,6409,93,14,1Fam,WD,281358
Crawfor,1901,1931,8,3,1362,410,1,2,3,1,9897,109,79,TwnhsE,WD,253257
Crawfor,1907,1959,1,8,958,335,1,2,4,1,17092,103,51,1Fam,New,188859
ClearCr,1974,1998,8,6,3913,1575,1,2,3,1,18699,36,12,1Fam,WD,508365
NWAmes,1996,2007,1,4,4278,1624,0,2,3,1,17949,14,3,1Fam,WD,387067
BrkSide,1953,1964,5,9,1125,795,2,3,3,0,13737,57,46,1Fam,WD,187150
BrkSide,1937,1945,8,5,658,256,3,2,3,1,3551,73,65,1Fam,WD,188209
ClearCr,1947,1958,6,6,2708,811,2,3,4,1,1502,63,52,1Fam,WD,390534
NoRidge,1926,1994,9,9,1777,598,2,1,3,2,15526,84,16,TwnhsE,WD,517588
IDOTRR,1919,1972,1,7,2507,2003,2,2,3,0,1824,91,38,1Fam,WD,201255
NAmes,1911,1964,9,5,2420,1347,2,2,5,0,7634,99,46,TwnhsE,WD,301498
NoRidge,1942,1969,1,2,1439,754,2,2,2,1,18488,68,41,1Fam,WD,323087
BrkSide,1960,1994,10,4,4098,3442,2,2,3,1,22775,50,16,1Fam,WD,408296
NAmes,1930,1998,10,2,2072,787,2,2,3,0,20466,80,12,1Fam,New,336701
CollgCr,1990,1991,3,3,2702,2276,1,3,2,1,4622,20,19,1Fam,New,405758
Crawfor,1995,2008,1,3,3033,2033,0,2,3,0,17329,15,2,1Fam,WD,340355
Somerst,1960,1993,3,4,931,441,2,2,1,2,20998,50,17,1Fam,WD,277900
NridgHt,1973,1985,2,6,1550,1156,3,1,4,0,12967,37,25,1Fam,COD,396450
Somerst,1966,2004,2,3,1503,778,2,1,3,0,1846,44,6,1Fam,WD,257801
Mitchel,2008,2009,9,1,3583,1687,3,3,4,0,14869,2,1,1Fam,WD,421784
NridgHt,1990,2002,8,1,2614,2173,2,2,3,0,13846,20,8,1Fam,WD,597152
Somerst,1934,1991,1,9,3089,956,2,2,3,0,15497,76,19,1Fam,WD,379534
Somerst,1994,2007,4,9,2643,1258,2,2,3,1,12250,16,3,1Fam,ConLD,402770
CollgCr,1914,1988,1,5,714,198,3,1,4,1,13081,96,22,1Fam,WD,176797
BrkSide,1915,1956,1,9,2741,990,2,2,2,0,4943,95,54,1Fam,WD,214298
Somerst,1912,1949,4,7,2170,988,2,2,3,1,20138,98,61,1Fam,WD,340424
Somerst,1934,2001,2,9,1813,1489,2,1,3,0,1522,76,9,1Fam,ConLD,299834
NWAmes,1974,2006,3,7,4115,1727,2,1,5,0,21700,36,4,1Fam,COD,403352
ClearCr,1958,1964,9,9,1384,646,3,2,5,0,11655,52,46,TwnhsE,WD,367974
Timber,1920,1975,2,2,2586,1749,2,2,3,0,14574,90,35,1Fam,New,390254
ClearCr,1953,1993,4,8,2387,1948,2,1,2,1,19591,57,17,1Fam,WD,368909
StoneBr,1974,1981,1,7,1438,1121,3,2,2,0,12774,36,29,1Fam,WD,356796
StoneBr,1929,1979,2,6,1438,1147,2,3,5,1,8215,81,31,1Fam,WD,365247
CollgCr,1947,1956,5,5,705,672,2,2,3,1,7553,63,54,1Fam,WD,246729
ClearCr,1934,1976,10,4,4470,3281,3,2,2,1,21699,76,34,Duplex,WD,588585
BrkSide,1985,2009,1,7,1441,1235,2,3,4,2,2014,25,1,Duplex,COD,209256
Somerst,1937,1951,7,3,4499,3010,2,1,2,2,24171,73,59,1Fam,WD,561484
Crawfor,1930,1967,4,8,1054,238,1,1,4,1,4539,80,43,1Fam,WD,218951
Gilbert,1977,1991,6,2,3031,1693,1,2,3,1,7361,33,19,1Fam,WD,386627
NridgHt,1923,1927,8,1,3908,2528,2,2,2,0,20740,87,83,TwnhsE,WD,646926
Gilbert,1948,1976,6,2,2019,983,2,2,3,1,20225,62,34,TwnhsE,WD,321009
StoneBr,1995,1997,2,9,1270,613,4,2,2,1,7836,15,13,1Fam,WD,378244
IDOTRR,1999,2004,1,5,748,501,4,2,3,2,4862,11,6,1Fam,WD,165829
StoneBr,1931,1981,8,8,1597,1084,3,0,3,0,4990,79,29,1Fam,WD,437761
ClearCr,1954,1963,8,3,872,471,2,3,1,0,20391,56,47,1Fam,WD,291797
NoRidge,1978,1989,9,7,2354,1720,4,1,5,0,6667,32,21,1Fam,WD,579391
IDOTRR,2006,2009,6,2,3426,2359,2,3,3,1,4678,4,1,1Fam,WD,302000
CollgCr,1957,1987,1,8,4379,3699,2,1,3,0,21208,53,23,1Fam,WD,456582
Crawfor,1998,1999,9,7,4357,3572,2,1,3,1,19428,12,11,1Fam,WD,556047
NridgHt,1902,1981,3,5,1334,1074,0,1,2,0,23735,108,29,1Fam,WD,323954
NWAmes,1979,1986,6,4,3418,2084,1,3,5,0,12921,31,24,1Fam,WD,377435
Timber,1968,2003,10,1,1201,602,3,0,3,0,7672,42,7,1Fam,COD,376075
NAmes,1984,2008,10,5,2685,1813,2,2,3,1,22517,26,2,1Fam,WD,367382
Timber,1909,1995,9,9,3495,2652,2,2,4,0,11441,101,15,TwnhsE,WD,589032
StoneBr,1982,1993,3,4,3004,2356,2,2,3,1,24170,28,17,1Fam,WD,554703
NridgHt,1924,1959,5,9,3361,2299,3,2,3,2,20149,86,51,1Fam,WD,635874
CollgCr,1967,2003,5,2,3370,1623,2,3,4,2,14380,43,7,1Fam,WD,429211
Crawfor,1960,1962,10,4,1441,871,2,3,4,1,10404,50,48,1Fam,WD,388479
NridgHt,1928,1936,7,9,4414,2059,1,2,3,1,9758,82,74,1Fam,WD,707566
Mitchel,1918,1978,4,4,2991,651,2,2,3,0,24171,92,32,1Fam,WD,270858
ClearCr,1942,1994,4,5,2900,1240,4,3,4,2,6760,68,16,TwnhsE,WD,411461
CollgCr,1965,1982,7,8,1495,563,2,3,3,0,15157,45,28,1Fam,WD,340968
ClearCr,1973,2007,9,1,1293,759,2,2,4,1,5691,37,3,TwnhsE,WD,328491
ClearCr,1960,1993,4,1,2958,1375,2,2,5,0,12881,50,17,1Fam,WD,387496
CollgCr,1942,1945,4,9,1177,462,3,2,3,0,17556,68,65,1Fam,New,290657
StoneBr,1924,1964,6,9,2313,2318,2,2,2,0,22783,86,46,1Fam,WD,503194
StoneBr,1919,1963,6,4,2061,962,2,1,3,1,2967,91,47,1Fam,New,494781
NAmes,1947,1996,7,2,952,225,2,1,3,1,22736,63,14,Twnhs,WD,209321
BrkSide,1982,1996,1,9,2966,1221,0,2,3,1,7601,28,14,Duplex,WD,235288
Somerst,1986,1995,3,4,2997,1287,3,2,5,0,9047,24,15,1Fam,WD,406787
Veenker,1923,2002,9,6,3542,1206,3,1,3,1,4260,87,8,1Fam,WD,505045
Gilbert,1910,1985,6,1,4156,1315,3,2,3,0,7921,100,25,1Fam,WD,404874
ClearCr,2009,2010,6,9,1638,1131,3,2,3,0,14148,1,0,1Fam,WD,371758
NridgHt,1997,2001,5,5,550,15,3,3,3,1,2893,13,9,1Fam,WD,354530
StoneBr,1954,1987,3,3,1892,1037,2,2,3,2,5193,56,23,1Fam,WD,400396
NWAmes,1927,1927,5,4,4485,3739,3,2,2,0,13999,83,83,1Fam,WD,408281
Gilbert,1968,2006,1,1,4254,2354,2,3,3,1,23262,42,4,1Fam,WD,419077
NridgHt,1962,1993,3,9,4351,3592,1,2,4,1,19583,48,17,1Fam,WD,725880
Timber,1958,1983,4,8,2038,1300,2,2,3,1,19004,52,27,2fmCon,WD,395022
Timber,1904,1920,5,4,709,624,4,3,3,0,6829,106,90,1Fam,WD,273397
Gilbert,1950,1997,10,2,1387,1170,2,2,2,0,19455,60,13,1Fam,WD,325013
NridgHt,1920,2010,9,9,3545,1272,3,2,4,0,14565,90,0,1Fam,WD,712656
NoRidge,1911,1998,4,4,2426,982,1,2,5,0,17471,99,12,1Fam,Oth,454194
Mitchel,1949,1983,3,9,3540,2198,2,1,3,0,15856,61,27,1Fam,WD,335254
StoneBr,1903,1948,10,3,4473,2656,2,2,4,2,18612,107,62,TwnhsE,WD,748295
Gilbert,1941,1982,1,7,1349,840,1,3,3,0,13196,69,28,1Fam,COD,248547
Timber,1983,2004,10,7,4384,3469,1,2,3,2,18499,27,6,1Fam,WD,696835
NoRidge,1937,1975,6,4,4466,1831,1,3,4,0,1870,73,35,1Fam,WD,655279
Timber,1924,1972,7,2,2377,1553,3,3,2,2,8267,86,38,1Fam,ConLD,456517
NWAmes,1913,1974,10,9,1126,551,1,1,3,1,23222,97,36,1Fam,New,288077
NAmes,1974,1996,8,4,3226,2876,2,2,3,0,22826,36,14,1Fam,WD,356596
NAmes,1931,1952,1,8,1958,1540,0,2,3,1,10639,79,58,1Fam,WD,208891
Somerst,1910,1913,4,2,3324,2832,2,2,3,0,19003,100,97,TwnhsE,WD,407691
Gilbert,1960,2008,5,8,1750,607,2,1,1,0,11147,50,2,1Fam,New,312824
Timber,1917,1975,2,5,1162,998,2,3,3,0,24215,93,35,1Fam,New,329751
Veenker,1926,1998,1,7,767,657,2,2,3,0,24903,84,12,1Fam,New,255598
NAmes,1954,1957,8,7,2663,1219,2,2,3,1,3922,56,53,1Fam,WD,321933
NridgHt,1953,1959,6,9,2123,1858,2,2,2,1,9090,57,51,1Fam,WD,517528
NoRidge,1981,2003,5,3,2353,756,3,1,4,0,14955,29,7,2fmCon,WD,484348
Timber,1986,1987,9,4,1253,962,1,2,3,2,15841,24,23,1Fam,WD,401539
NridgHt,1974,1997,2,4,3931,1616,2,3,5,2,11032,36,13,1Fam,WD,644596
StoneBr,1920,1950,10,5,1852,1164,2,3,4,0,15041,90,60,1Fam,WD,531249
Crawfor,1943,1982,8,6,2368,1007,1,2,3,0,16981,67,28,TwnhsE,WD,375105
ClearCr,1904,1951,10,3,1563,504,2,2,1,0,11210,106,59,TwnhsE,New,366629
NAmes,1986,2004,9,4,681,179,2,2,3,1,7325,24,6,1Fam,WD,223235
Mitchel,1940,1982,1,3,2013,1348,2,2,3,0,8260,70,28,1Fam,COD,257467
Somerst,1958,1991,7,2,3780,1933,2,1,1,0,11651,52,19,Duplex,WD,490993
Timber,1988,2010,8,9,1402,935,4,2,2,1,10402,22,0,1Fam,COD,445536
Somerst,2004,2004,3,1,3844,1211,3,2,3,1,22454,6,6,1Fam,WD,472517
Crawfor,1953,1978,4,2,1642,267,3,0,4,0,2073,57,32,1Fam,WD,259700
Timber,1973,1988,3,8,3953,1346,2,1,4,1,18391,37,22,1Fam,WD,516093
Crawfor,1921,1977,7,7,3493,1750,2,1,2,1,24619,89,33,1Fam,COD,414232
ClearCr,1982,1996,9,1,4107,2973,2,2,3,0,3722,28,14,1Fam,WD,537607
CollgCr,1964,1976,3,5,2805,2301,1,2,2,1,19178,46,34,1Fam,WD,370171
ClearCr,1963,1977,6,6,2006,742,2,2,3,0,2287,47,33,Duplex,ConLD,358721
Veenker,1970,1996,8,5,3056,1791,2,2,4,1,6167,40,14,1Fam,WD,487046
BrkSide,1903,1970,6,4,2639,1593,2,2,4,0,20117,107,40,TwnhsE,New,271658
NWAmes,1964,1979,2,1,2502,1103,3,1,3,0,12857,46,31,TwnhsE,WD,272665
StoneBr,1914,1977,7,7,1684,720,1,2,2,0,21534,96,33,1Fam,WD,410092
NAmes,2003,2008,2,9,648,393,2,3,3,0,14301,7,2,1Fam,WD,192393
CollgCr,1975,2004,2,6,2664,854,1,2,4,1,21133,35,6,1Fam,WD,333696
NAmes,1921,1956,2,3,3005,960,2,2,3,1,7571,89,54,TwnhsE,WD,254065
Mitchel,1985,1987,1,4,3112,1173,0,2,3,0,17848,25,23,1Fam,WD,286719
ClearCr,1946,1994,1,5,3361,2417,2,0,4,0,21920,64,16,1Fam,WD,371830
NridgHt,1980,1991,7,1,2592,957,2,2,4,1,3209,30,19,1Fam,WD,545671
Timber,1992,1995,5,5,2300,654,2,2,4,0,17761,18,15,1Fam,WD,416152
CollgCr,1945,1988,3,1,2521,1035,2,1,3,0,13667,65,22,1Fam,WD,320976
Gilbert,1913,1943,1,9,3321,1146,2,2,3,1,14082,97,67,1Fam,WD,313750
Timber,1949,2006,10,7,2342,810,2,3,3,1,17090,61,4,1Fam,ConLD,494893
NoRidge,1919,2005,6,3,2536,1586,2,1,4,1,23096,91,5,TwnhsE,WD,503753
NAmes,1949,2002,1,9,2781,1066,2,2,4,1,3010,61,8,1Fam,WD,262082
IDOTRR,1932,1984,9,2,1898,1359,3,2,4,0,23787,78,26,1Fam,WD,240287
CollgCr,1958,1977,2,7,2070,1136,2,2,2,1,13238,52,33,TwnhsE,WD,315770
StoneBr,1942,1964,1,9,2373,1498,2,2,4,0,15874,68,46,1Fam,WD,425060
Veenker,1978,2005,7,6,2472,1606,3,2,3,0,5006,32,5,1Fam,WD,475078
NridgHt,1911,1926,6,5,4486,1791,3,2,1,1,23962,99,84,1Fam,New,778406
BrkSide,1939,1975,6,7,2744,2132,4,1,2,1,24316,71,35,TwnhsE,WD,292286
NoRidge,1919,1939,5,6,2572,1329,2,2,3,0,5133,91,71,1Fam,WD,461143
Crawfor,1993,2007,4,5,2942,2440,2,2,3,0,19345,17,3,2fmCon,COD,396194
Veenker,1937,1953,4,2,1213,399,2,2,4,1,23798,73,57,1Fam,WD,273153
CollgCr,1902,1938,3,8,2308,2127,2,3,4,1,7852,108,72,1Fam,WD,349210
Gilbert,1927,2003,10,7,3607,2616,4,2,1,1,3671,83,7,TwnhsE,WD,471322
Mitchel,1955,1973,8,6,4045,3289,2,2,3,0,14762,55,37,1Fam,WD,424453
Timber,1989,2001,7,5,722,445,3,2,2,1,10094,21,9,1Fam,WD,334184
NridgHt,1993,2010,9,5,1363,874,2,1,3,1,9975,17,0,1Fam,WD,497642
NoRidge,1912,1989,1,9,4360,3324,2,2,3,1,24690,98,21,1Fam,WD,629834
BrkSide,1976,1995,7,1,1029,853,3,2,4,0,23999,34,15,1Fam,WD,237426
NAmes,1965,1983,10,9,1711,1287,3,3,3,0,9932,45,27,1Fam,ConLD,338006
Crawfor,1936,1979,4,6,1925,929,4,2,4,0,6156,74,31,1Fam,WD,279529
Crawfor,1948,1954,7,4,2804,2345,3,3,4,0,11887,62,56,1Fam,WD,428632
Gilbert,2001,2009,1,7,1153,681,2,2,3,0,10392,9,1,1Fam,WD,254483
StoneBr,1965,2008,5,9,1659,1131,2,1,3,1,4170,45,2,1Fam,WD,427314
BrkSide,1935,2002,3,5,2342,1053,3,1,3,0,5860,75,8,1Fam,WD,211082
ClearCr,1953,1986,5,5,3138,1645,2,1,2,1,4048,57,24,TwnhsE,ConLD,408768
Somerst,1925,1990,4,8,943,939,2,2,4,0,20210,85,20,1Fam,Oth,272770
CollgCr,1974,1978,2,7,2965,1059,2,1,4,1,20680,36,32,1Fam,WD,376356
NridgHt,1971,1980,4,8,3863,2299,2,2,3,1,8546,39,30,1Fam,WD,657061
StoneBr,2007,2010,3,2,1073,682,1,3,5,1,3706,3,0,1Fam,COD,349824
NWAmes,1939,1980,1,9,2676,857,2,2,2,0,6679,71,30,1Fam,WD,275352
NoRidge,1942,1982,10,3,1510,565,1,2,4,1,17176,68,28,1Fam,WD,474968
Crawfor,1921,1997,8,6,840,404,2,1,3,1,19494,89,13,1Fam,WD,249265
Timber,1919,1987,5,6,3357,1725,3,2,4,2,18348,91,23,1Fam,WD,494991
Somerst,1907,1916,4,2,1780,1338,2,2,3,1,22207,103,94,1Fam,COD,294331
Veenker,1928,1937,10,7,3539,3008,3,3,4,1,6975,82,73,1Fam,WD,583543
Somerst,1939,1998,5,9,4295,1612,2,1,2,0,11181,71,12,1Fam,New,539933
NWAmes,1989,2007,4,1,4137,1389,4,2,3,1,8465,21,3,Twnhs,WD,427406
Veenker,1929,1949,3,8,4258,2219,2,2,2,2,2298,81,61,Twnhs,COD,487619
Crawfor,1980,1987,5,2,599,641,0,2,4,1,20684,30,23,1Fam,WD,215876
CollgCr,1983,1983,4,1,2586,1226,3,2,3,1,21124,27,27,2fmCon,WD,355332
Gilbert,1954,1981,1,8,4497,1488,3,1,3,1,4855,56,29,1Fam,WD,396040
BrkSide,1915,1992,3,2,2810,1790,2,2,4,0,21813,95,18,1Fam,WD,237785
NWAmes,1945,1974,10,6,649,447,4,2,4,1,14049,65,36,1Fam,WD,285743
Timber,1961,1981,10,6,2156,1318,2,2,2,1,2359,49,29,1Fam,WD,479728
NridgHt,2006,2006,8,5,3237,1624,4,2,4,1,15834,4,4,1Fam,WD,701257
Timber,1906,1914,7,8,3360,3009,2,1,2,1,15818,104,96,1Fam,WD,519392
Crawfor,1979,1995,2,3,1853,1330,2,2,4,1,9188,31,15,TwnhsE,WD,300059
NridgHt,1944,2001,1,4,1643,874,2,3,4,1,11837,66,9,2fmCon,WD,377405
CollgCr,1958,1988,3,7,2107,1171,2,2,1,0,12523,52,22,TwnhsE,WD,292632
Crawfor,2010,2010,5,7,2766,2044,2,2,3,1,14370,0,0,TwnhsE,WD,408170
Somerst,1955,2006,10,8,3453,2518,2,2,3,2,6522,55,4,Duplex,WD,567367
Mitchel,1947,2007,1,2,4481,3546,0,1,3,1,9084,63,3,1Fam,WD,372000
NoRidge,1926,1965,3,2,2337,1265,2,0,4,2,7902,84,45,1Fam,WD,398829
NridgHt,1952,1989,3,4,3694,2658,2,2,3,1,16352,58,21,1Fam,WD,629938
NWAmes,1986,1996,5,9,743,261,3,2,4,1,15774,24,14,1Fam,WD,249186
CollgCr,1987,2005,3,9,3433,1380,2,2,3,0,19658,23,5,1Fam,WD,401808
Gilbert,1972,2007,9,4,1086,1045,3,2,5,0,21249,38,3,Duplex,WD,330919
ClearCr,1934,1983,1,9,3065,1435,4,3,4,1,17470,76,27,Twnhs,WD,374485
Timber,1950,1982,4,3,3592,2145,2,2,4,0,9842,60,28,1Fam,WD,499734
Mitchel,1983,1995,10,5,2737,1136,4,2,2,1,15292,27,15,1Fam,WD,402114
Mitchel,1936,1997,10,9,3796,2617,2,2,3,1,8925,74,13,Duplex,WD,426011
Gilbert,2005,2009,4,6,3462,1053,1,2,2,0,12912,5,1,1Fam,WD,384148
Veenker,1980,1990,1,3,3162,2583,2,3,3,1,4521,30,20,1Fam,WD,442308
Crawfor,2010,2010,2,9,1355,784,2,1,3,1,5737,0,0,Duplex,WD,254241
Somerst,1994,2010,1,6,3013,1216,3,3,4,0,7894,16,0,1Fam,New,421701
NoRidge,1956,1991,6,4,2646,1275,2,3,2,0,16793,54,19,1Fam,COD,527075
BrkSide,1907,1916,3,4,2535,956,2,2,3,1,21701,103,94,TwnhsE,WD,214088
NoRidge,1978,2008,7,8,1329,726,2,2,3,0,14694,32,2,1Fam,New,484909
IDOTRR,1994,1999,5,7,1886,987,2,1,2,0,16479,16,11,1Fam,WD,214265
ClearCr,1993,1993,9,1,3544,1449,1,2,3,0,18644,17,17,1Fam,WD,472520
StoneBr,2009,2009,7,6,3654,3279,2,1,4,0,5951,1,1,1Fam,ConLD,666690
CollgCr,1919,1976,4,8,2216,668,3,2,2,1,6127,91,34,1Fam,COD,294788
NAmes,2002,2006,5,3,2187,1523,3,1,4,0,4239,8,4,TwnhsE,WD,291306
NWAmes,1952,1979,5,9,555,232,2,2,3,1,11709,58,31,1Fam,WD,226664
Mitchel,1911,1990,5,2,2225,1766,2,2,4,0,23432,99,20,1Fam,New,304804
Gilbert,1948,2003,10,6,2453,1388,1,1,3,1,8291,62,7,1Fam,WD,391691
Gilbert,1916,2002,9,1,1545,1061,2,2,4,0,24729,94,8,1Fam,WD,311100
NAmes,1963,1982,10,2,3127,2222,3,3,2,2,8367,47,28,TwnhsE,WD,377414
Timber,1941,1994,3,5,684,681,2,2,3,1,10608,69,16,1Fam,WD,272767
CollgCr,1993,1997,6,1,1021,457,2,2,2,1,5443,17,13,1Fam,WD,278417
Timber,1928,1948,8,8,2101,1623,3,2,4,1,17023,82,62,1Fam,New,506257
IDOTRR,1918,1935,9,1,2811,947,3,2,3,1,4960,92,75,Duplex,WD,248038
BrkSide,2009,2009,7,9,1748,621,2,3,1,1,2992,1,1,1Fam,COD,243581
NridgHt,1910,1979,3,3,2158,1062,1,1,1,0,5121,100,31,1Fam,ConLD,372520
NWAmes,1997,2005,1,2,1561,1103,1,2,3,1,10418,13,5,Twnhs,New,267746
BrkSide,1949,1977,4,1,1502,1068,1,2,2,0,15342,61,33,1Fam,Oth,213414
StoneBr,1970,1988,6,9,2670,1840,2,3,3,1,14553,40,22,1Fam,WD,569975
Crawfor,2007,2010,3,4,4401,2298,1,2,3,2,22902,3,0,Twnhs,WD,471393
BrkSide,1957,1989,1,1,3727,2031,3,3,5,2,24634,53,21,1Fam,New,334937
NridgHt,1933,1997,6,1,4477,1503,4,3,5,0,22725,77,13,1Fam,WD,738854
Gilbert,1919,1921,1,7,2848,2301,2,1,3,0,10631,91,89,1Fam,WD,301444
Veenker,1949,1990,9,2,3380,2064,2,3,1,0,17971,61,20,1Fam,WD,525734
BrkSide,2001,2005,1,7,2517,1206,2,1,3,0,18446,9,5,1Fam,WD,228755
IDOTRR,1987,1989,6,7,3638,2632,3,1,3,0,2768,23,21,Twnhs,WD,292116
BrkSide,1909,1948,1,9,2428,1392,3,2,3,0,11182,101,62,Twnhs,WD,221227
CollgCr,1931,1997,7,7,3192,1794,1,3,3,2,7061,79,13,1Fam,WD,422347
NAmes,1951,1975,3,1,3421,2199,1,2,5,1,23929,59,35,1Fam,WD,339907
NAmes,1914,1968,6,8,893,583,3,2,4,1,12771,96,42,1Fam,WD,215428
Veenker,2000,2003,7,8,4223,2545,2,2,2,1,6154,10,7,1Fam,WD,604544
Mitchel,1983,2002,1,4,2117,1026,1,3,3,1,21055,27,8,1Fam,WD,249494
NridgHt,1902,1945,1,8,4141,1458,2,2,4,2,9012,108,65,1Fam,WD,551293
Crawfor,1936,1991,5,4,1160,577,3,1,4,1,4300,74,19,TwnhsE,Oth,265167
Timber,1939,1993,6,8,1928,1360,2,2,3,0,24730,71,17,1Fam,New,462396
NoRidge,1971,1993,9,5,4020,3356,3,1,4,1,22922,39,17,1Fam,WD,755758
NridgHt,1939,2008,1,4,1654,1004,1,2,3,2,10949,71,2,2fmCon,ConLD,353682
Gilbert,2007,2009,4,6,568,386,3,1,3,0,22772,3,1,1Fam,WD,236248
Somerst,1955,2007,10,2,3916,2704,2,1,2,1,14264,55,3,1Fam,WD,570069
NWAmes,1922,1998,8,2,3309,2628,2,3,4,0,22664,88,12,1Fam,WD,415488
NridgHt,2003,2003,10,2,819,937,2,2,3,0,12111,7,7,1Fam,WD,476438
Veenker,1910,1996,9,9,2724,1623,3,2,2,1,2643,100,14,1Fam,WD,468866
CollgCr,2009,2009,3,3,1083,1107,3,2,3,0,8203,1,1,Twnhs,WD,293248
Mitchel,1963,1979,2,4,4100,1182,2,1,4,0,12857,47,31,1Fam,WD,351783
Veenker,1907,1972,4,8,2364,720,2,2,4,0,12306,103,38,TwnhsE,WD,334883
Crawfor,1992,2010,2,4,1683,635,2,2,3,2,18631,18,0,1Fam,WD,297126
NAmes,1993,1999,1,7,1081,855,2,3,5,0,8594,17,11,2fmCon,WD,197512
Crawfor,1955,2008,3,5,4196,1556,3,2,2,1,24329,55,2,TwnhsE,WD,435106
Timber,1959,2000,7,9,2267,1154,0,2,3,0,17658,51,10,1Fam,WD,446814
NridgHt,1909,1950,1,4,2056,1216,2,2,3,1,17719,101,60,TwnhsE,WD,382289
NAmes,1938,1996,2,3,3706,1642,2,2,3,2,15263,72,14,1Fam,WD,315065
NridgHt,1927,1946,1,2,2298,1566,1,2,3,0,4988,83,64,1Fam,WD,364132
NAmes,1948,1956,8,1,610,100,3,3,4,0,13717,62,54,1Fam,WD,222755
CollgCr,1935,1951,5,6,1498,627,2,2,3,0,10837,75,59,1Fam,WD,257708
BrkSide,1912,1938,8,2,1257,990,2,2,3,1,3604,98,72,TwnhsE,WD,210341
Mitchel,1995,2009,3,8,782,420,3,2,2,0,21740,15,1,1Fam,New,233899
IDOTRR,1935,1936,7,6,4091,2520,2,2,1,0,6619,75,74,1Fam,ConLD,299130
Somerst,2000,2003,8,5,4367,3323,2,2,2,0,23142,10,7,2fmCon,WD,604559
NWAmes,1925,1943,6,2,2242,1645,0,2,5,0,15010,85,67,1Fam,WD,291351
ClearCr,1985,2001,7,7,2741,2237,2,1,4,0,20652,25,9,1Fam,WD,436297
CollgCr,1903,1971,2,2,3514,1578,1,1,5,1,21943,107,39,1Fam,WD,366444
Crawfor,1994,2000,8,5,1570,819,2,1,2,1,3308,16,10,1Fam,WD,325265
NAmes,1981,1998,5,2,3525,1327,2,1,3,0,23364,29,12,1Fam,WD,326484
IDOTRR,1963,1969,7,2,2889,1188,2,3,2,1,1909,47,41,1Fam,WD,250362
NWAmes,1937,1975,1,7,3813,1294,2,3,4,1,2145,73,35,1Fam,WD,336637
ClearCr,1987,1990,5,9,3069,1119,2,2,3,1,19435,23,20,1Fam,WD,451495
ClearCr,1986,1993,1,5,1893,1621,3,2,2,1,15426,24,17,1Fam,WD,298540
NWAmes,1921,1965,8,7,1300,761,1,1,3,1,23246,89,45,1Fam,WD,269734
Timber,1901,1904,4,4,3450,2102,3,3,3,1,2613,109,106,1Fam,WD,473644
NoRidge,1930,1954,4,2,630,110,2,2,3,1,21471,80,56,Twnhs,WD,288668
Somerst,1910,1978,2,3,1793,1171,2,1,3,0,17945,100,32,TwnhsE,WD,277425
Veenker,1991,2002,5,2,2463,1952,2,1,3,0,19611,19,8,Twnhs,WD,428715
Veenker,1945,1973,1,5,3361,1487,4,2,5,0,6092,65,37,1Fam,WD,413794
Timber,1995,2003,9,6,560,708,2,1,3,1,15891,15,7,TwnhsE,WD,375910
NridgHt,1961,1964,5,7,2711,1334,2,2,3,0,20850,49,46,2fmCon,WD,542170
NridgHt,1968,1991,6,3,2048,794,4,1,4,1,21244,42,19,1Fam,WD,520538
IDOTRR,1963,1976,2,4,771,523,3,1,3,0,23546,47,34,1Fam,WD,148324
ClearCr,2001,2005,10,8,4291,3265,2,1,2,1,17329,9,5,1Fam,New,679172
Somerst,1909,1926,10,4,2281,850,4,3,4,0,11104,101,84,1Fam,WD,424044
Gilbert,1939,1980,1,7,2680,963,2,1,2,1,11425,71,30,1Fam,WD,297658
Timber,2009,2009,4,6,1767,720,2,1,2,1,24584,1,1,1Fam,WD,402394
BrkSide,1923,2005,7,7,4377,3145,2,2,2,0,5130,87,5,1Fam,WD,370244
Mitchel,1998,2009,6,1,3545,2701,2,2,2,0,5369,12,1,TwnhsE,WD,396343
NoRidge,1943,1959,10,3,1957,998,2,2,1,1,6700,67,51,1Fam,WD,516711
ClearCr,1959,1988,1,6,537,452,3,3,2,0,12183,51,22,1Fam,WD,193022
NAmes,1961,1984,1,3,2394,2011,2,2,3,1,3539,49,26,1Fam,WD,279012
BrkSide,1986,1996,8,7,4139,3091,0,1,3,1,14579,24,14,1Fam,WD,373431
CollgCr,1916,1938,4,9,1842,1542,3,2,2,1,2807,94,72,1Fam,WD,293894
Crawfor,1964,1980,5,3,4081,3035,2,2,3,1,8134,46,30,TwnhsE,WD,463301
StoneBr,1994,1994,7,1,3947,2298,4,2,3,1,3224,16,16,1Fam,Oth,666672
IDOTRR,1994,2008,8,6,4131,2269,4,2,1,1,23554,16,2,1Fam,WD,355817
Timber,2005,2008,10,1,3164,2305,3,1,3,2,6190,5,2,1Fam,WD,577957
BrkSide,1956,1964,7,1,973,677,3,2,3,0,3955,54,46,Duplex,ConLD,194958
Gilbert,1954,1968,2,8,558,0,2,2,3,0,16162,56,42,Twnhs,WD,185866
Crawfor,2005,2008,4,9,3136,958,2,2,3,0,18825,5,2,1Fam,WD,394574
CollgCr,1952,1975,10,2,2463,1948,2,2,3,1,8592,58,35,1Fam,WD,392558
Timber,1955,1989,1,9,3046,1021,2,2,3,0,23179,55,21,1Fam,WD,422985
StoneBr,1997,2002,10,5,3789,3061,2,1,4,2,9188,13,8,TwnhsE,WD,745937
Timber,1908,1934,9,8,2418,1575,0,2,3,0,11505,102,76,1Fam,WD,438560
StoneBr,1921,2003,3,7,3114,1229,4,2,3,1,4561,89,7,1Fam,WD,507668
Mitchel,1912,1987,3,7,3114,1041,3,1,3,0,12086,98,23,1Fam,WD,288237
Somerst,1988,2007,10,4,3700,1420,2,3,4,0,10976,22,3,1Fam,WD,552303
NridgHt,1947,1947,9,2,1403,550,2,2,2,0,5263,63,63,1Fam,WD,437359
IDOTRR,1917,2001,10,5,882,515,2,2,3,0,13941,93,9,1Fam,WD,202715
NAmes,1975,1975,3,3,1911,1305,3,1,3,1,4388,35,35,1Fam,WD,229162
BrkSide,1939,1948,8,9,584,365,2,2,3,2,11414,71,62,1Fam,WD,205709
IDOTRR,1916,1962,2,6,2033,1356,2,1,4,0,22327,94,48,Twnhs,WD,189771
StoneBr,1914,1972,3,1,4297,2290,2,2,5,1,5506,96,38,TwnhsE,WD,589241
Somerst,2005,2010,2,3,3174,1970,2,2,2,0,18970,5,0,1Fam,New,488883
NWAmes,1914,1999,1,4,4008,2376,4,2,3,0,7999,96,11,Duplex,WD,342493
Gilbert,1978,1995,2,9,3373,2257,1,1,4,1,2804,32,15,1Fam,ConLD,393987
StoneBr,1962,2009,8,6,2840,916,1,2,3,0,12804,48,1,1Fam,WD,549029
Mitchel,1938,1983,9,4,3620,1035,3,2,3,1,24394,72,27,1Fam,WD,403287
Timber,1912,1943,2,1,1590,525,3,2,4,1,18898,98,67,1Fam,New,329787
Timber,1980,2006,7,8,3334,1192,3,2,3,0,14064,30,4,Twnhs,New,596130
CollgCr,1931,1948,5,2,628,260,2,2,5,1,23732,79,62,TwnhsE,WD,233553
Crawfor,1908,1946,3,8,2576,948,2,2,3,0,13497,102,64,1Fam,WD,313127
Crawfor,1939,1987,9,6,3914,2832,2,2,3,1,10818,71,23,2fmCon,WD,501828
NoRidge,1919,2000,6,8,2068,1538,1,2,3,1,11814,91,10,TwnhsE,New,518141
NAmes,1989,2000,1,6,3690,3101,2,2,4,1,10164,21,10,1Fam,WD,327917
Timber,1990,1997,5,5,1191,1017,0,2,3,0,6620,20,13,2fmCon,New,334760
NoRidge,1984,2005,7,5,2460,808,2,2,3,0,18299,26,5,1Fam,WD,556489
NAmes,1981,2010,4,8,4234,2436,3,2,5,1,19752,29,0,TwnhsE,WD,405089
IDOTRR,1976,2009,8,7,632,335,2,1,3,2,15485,34,1,1Fam,WD,167012
NAmes,1979,1985,10,8,3898,2873,3,2,3,2,5612,31,25,1Fam,New,519365
Mitchel,1972,2007,5,8,1708,1251,2,1,3,0,19417,38,3,1Fam,COD,296115
Gilbert,1962,1979,9,7,4077,3070,2,2,3,1,2962,48,31,1Fam,WD,484725
CollgCr,1975,1983,9,2,1145,535,2,2,1,2,15690,35,27,1Fam,WD,314845
NoRidge,1943,1993,9,9,3236,2225,3,2,3,0,3365,67,17,1Fam,WD,648994
ClearCr,1937,1971,1,7,3081,1115,2,2,4,1,5509,73,39,Duplex,WD,354281
Somerst,1982,1999,2,6,3812,1574,3,1,3,0,12822,28,11,1Fam,WD,456521
Timber,1959,1963,3,9,2112,1397,0,3,4,0,16038,51,47,Duplex,WD,367228
NWAmes,1970,1983,4,1,4287,2241,3,2,3,0,9210,40,27,Duplex,COD,427565
CollgCr,1998,2009,10,2,1015,852,1,2,5,1,4677,12,1,1Fam,WD,355830
NoRidge,1947,1976,9,1,2545,796,3,2,3,1,20749,63,34,1Fam,WD,558569
Timber,1917,1920,10,3,2363,1985,2,2,2,1,4697,93,90,1Fam,WD,450018
Gilbert,1915,1953,6,5,3507,1622,3,2,3,0,3961,95,57,1Fam,WD,404223
NridgHt,1954,1973,1,1,2712,1967,2,2,3,0,15486,56,37,1Fam,Oth,435715
NAmes,1938,2001,9,4,3474,2726,1,3,3,1,5081,72,9,1Fam,New,392756
CollgCr,1967,1991,6,8,1432,1106,3,2,3,1,10192,43,19,1Fam,WD,339573
CollgCr,1958,1985,4,6,2163,880,2,1,3,1,9494,52,25,1Fam,WD,332298
Crawfor,1988,1999,4,1,1056,934,2,2,3,0,1620,22,11,1Fam,WD,243799
Mitchel,1995,1996,3,1,3789,1588,3,2,3,1,3275,15,14,1Fam,WD,383767
Somerst,1961,2003,7,3,4318,1521,1,2,4,2,2106,49,7,TwnhsE,WD,497623
Gilbert,2003,2008,3,8,2171,1046,2,2,4,1,8875,7,2,1Fam,WD,339113
Crawfor,1912,1933,2,8,3227,2506,2,3,3,1,2319,98,77,1Fam,New,394151
Timber,2008,2010,10,3,1492,775,3,2,3,2,12956,2,0,1Fam,WD,459849
NAmes,1980,2002,8,7,4320,3378,1,1,3,1,2283,30,8,1Fam,Oth,433037
Mitchel,2000,2003,4,3,2128,1714,2,2,4,1,19730,10,7,2fmCon,WD,300277
Gilbert,1905,1942,8,4,3576,1093,2,1,4,1,9060,105,68,1Fam,New,416479
NAmes,1982,2004,1,9,2191,1817,3,2,3,0,1891,28,6,1Fam,WD,258844
NAmes,1976,1979,5,4,1256,158,3,2,2,1,2632,34,31,1Fam,WD,216333
NWAmes,1959,1973,9,3,4443,3894,3,2,2,1,12209,51,37,1Fam,WD,493665
NAmes,1989,1989,1,5,1604,679,2,2,3,0,5945,21,21,1Fam,COD,196400
Gilbert,1913,1919,4,7,1770,1129,2,2,3,1,14562,97,91,1Fam,WD,260874
Gilbert,1994,2005,6,5,3402,1805,1,2,3,1,15533,16,5,1Fam,WD,401455
Crawfor,1953,1994,10,4,3040,1078,2,3,3,0,11888,57,16,1Fam,COD,413963
NWAmes,1903,1907,8,8,1148,432,4,1,3,1,16091,107,103,1Fam,WD,270746
StoneBr,1938,1987,3,4,1909,1013,2,2,4,0,6818,72,23,2fmCon,WD,371085
NAmes,1971,2008,5,2,4146,1852,0,2,3,1,23446,39,2,1Fam,WD,363884
NAmes,1924,1935,7,6,1491,892,2,2,2,1,22323,86,75,1Fam,WD,221183
NridgHt,1976,1993,1,2,1830,1049,2,2,3,2,18560,34,17,1Fam,WD,426074
Mitchel,1931,1996,7,3,1127,875,2,2,3,1,7751,79,14,1Fam,WD,237344
NoRidge,1958,1967,8,1,3172,1904,2,2,4,1,18478,52,43,1Fam,WD,626072
Somerst,2001,2010,8,5,3090,2401,2,2,3,2,12843,9,0,1Fam,WD,548249
NWAmes,1962,1978,9,9,2554,1504,2,2,3,0,4824,48,32,1Fam,WD,356505
StoneBr,1937,2004,6,2,2449,1675,3,2,3,1,24052,73,6,1Fam,WD,517178
Mitchel,1991,1997,6,7,1453,851,2,1,3,0,24310,19,13,Duplex,New,316299
NAmes,1952,1992,2,5,3062,1741,2,2,4,1,4434,58,18,Duplex,WD,278801
CollgCr,1993,1999,3,2,2342,1616,2,3,2,1,6533,17,11,1Fam,Oth,343608
NridgHt,1966,1999,4,8,3302,1160,3,1,3,2,8263,44,11,1Fam,WD,590366
Veenker,1927,1996,4,6,4139,3450,3,3,2,1,7586,83,14,1Fam,WD,519071
Crawfor,1902,2003,8,4,2620,1901,2,2,3,0,5833,108,7,Duplex,WD,385080
IDOTRR,2008,2008,1,4,509,334,0,3,3,0,12677,2,2,Twnhs,WD,123120
Gilbert,1997,2006,10,2,2096,1821,0,1,2,1,18723,13,4,1Fam,WD,364756
Timber,1979,1997,4,3,3109,1150,2,1,3,1,20394,31,13,1Fam,WD,479974
Gilbert,1921,1954,4,7,621,433,2,0,3,0,6187,89,56,1Fam,COD,172634
CollgCr,1995,2006,1,3,1186,352,2,2,3,0,4387,15,4,Duplex,WD,215681
Mitchel,1937,1951,3,5,2509,1863,2,2,2,1,4543,73,59,1Fam,WD,251803
NoRidge,1971,1984,5,6,3060,1992,2,1,3,0,19515,39,26,1Fam,New,610009
NWAmes,1971,1976,6,6,3537,2718,0,2,2,1,19289,39,34,1Fam,WD,402350
CollgCr,1961,2010,9,4,940,325,1,2,3,1,7615,49,0,1Fam,WD,275183
IDOTRR,1956,1992,9,6,3609,2081,2,1,3,1,24379,54,18,1Fam,WD,320964
Somerst,1905,1936,9,3,3249,2388,1,2,2,0,20373,105,74,1Fam,WD,474875
Gilbert,1977,1979,1,7,1090,238,1,1,5,0,22374,33,31,1Fam,WD,215717
BrkSide,1931,1933,9,7,1868,1473,2,1,2,1,17889,79,77,1Fam,WD,271543
NoRidge,1998,2003,8,4,2489,997,3,2,4,2,20465,12,7,Duplex,WD,593366
BrkSide,1909,1994,2,2,1861,733,3,2,4,0,9911,101,16,1Fam,WD,206164
Gilbert,1902,1975,1,7,4273,2377,3,2,5,0,9703,108,35,1Fam,WD,395113
NridgHt,1958,2008,1,3,1707,1197,2,2,3,0,4342,52,2,1Fam,WD,378202
Veenker,1975,1977,6,1,2614,1222,2,2,4,1,7004,35,33,1Fam,WD,441141
NWAmes,1948,2008,9,2,2564,1045,2,2,5,1,24731,62,2,1Fam,COD,405668
NridgHt,1958,1969,7,9,1906,807,4,2,2,0,10149,52,41,1Fam,WD,501740
Crawfor,1930,1977,5,8,2915,1259,1,2,3,1,17175,80,33,1Fam,WD,355811
Somerst,1992,2008,2,6,3451,1732,2,2,2,1,8783,18,2,1Fam,WD,440526
Crawfor,1968,1974,1,6,1839,896,2,2,3,1,15649,42,36,1Fam,WD,264846
NridgHt,1961,1973,2,1,2020,1327,4,2,3,1,3473,49,37,1Fam,WD,418511
NAmes,1951,2006,1,2,4379,2588,4,2,2,1,16333,59,4,1Fam,WD,340178
IDOTRR,1988,1989,3,4,3268,2397,3,2,4,1,20079,22,21,Duplex,WD,277727
IDOTRR,1940,1943,6,3,3916,2894,2,2,2,1,9074,70,67,1Fam,ConLD,303236
NWAmes,1930,1939,8,1,3505,1158,2,1,4,1,9643,80,71,1Fam,WD,375597
NoRidge,1984,1990,3,8,2076,647,4,3,1,2,5328,26,20,1Fam,WD,449005
NWAmes,1983,2006,10,7,1407,1324,2,2,3,0,22969,27,4,1Fam,WD,324969
NridgHt,2002,2002,9,4,3536,1114,3,1,2,0,17270,8,8,1Fam,WD,693179
NridgHt,1921,1972,10,9,3020,1129,2,2,3,1,6237,89,38,2fmCon,ConLD,624565
Somerst,1903,1908,5,4,614,230,2,2,4,0,18123,107,102,1Fam,New,236283
CollgCr,1912,1994,7,1,2647,1560,3,2,3,2,4452,98,16,1Fam,WD,372995
Mitchel,1944,1952,8,1,4456,2702,1,2,3,0,13130,66,58,TwnhsE,WD,413683
Gilbert,1941,1961,3,1,2985,2532,3,2,4,2,18739,69,49,1Fam,Oth,366435
ClearCr,1948,1971,2,1,1868,1478,2,2,2,1,4738,62,39,1Fam,WD,292550
Veenker,1919,1922,2,4,2896,1715,3,1,4,1,2053,91,88,1Fam,WD,355400
IDOTRR,1976,1999,5,1,638,553,2,2,2,0,12505,34,11,1Fam,WD,158670
ClearCr,1980,2006,1,2,1327,486,2,2,2,2,11577,30,4,1Fam,WD,252146
ClearCr,1953,1987,2,4,2871,1118,2,2,2,0,15112,57,23,1Fam,WD,325857
StoneBr,1935,1937,9,7,1345,606,2,2,5,0,12637,75,73,1Fam,WD,432204
Mitchel,1996,1999,7,2,3873,1671,2,3,2,0,9886,14,11,TwnhsE,WD,401492
Gilbert,1900,2000,6,8,2841,1138,4,2,4,2,8838,110,10,1Fam,ConLD,401991
Timber,1914,1953,9,7,2480,1115,2,3,5,1,13379,96,57,1Fam,WD,467545
NoRidge,1976,2010,7,9,2052,1061,2,1,3,1,23878,34,0,1Fam,WD,524621
Gilbert,1916,2010,5,6,4405,3752,3,1,3,1,11117,94,0,1Fam,WD,480057
Gilbert,1923,1978,9,4,3515,2033,2,2,4,1,16898,87,32,1Fam,ConLD,440616
Veenker,1957,2000,6,6,1815,1559,2,1,3,1,4193,53,10,1Fam,WD,365557
IDOTRR,1971,1995,6,4,573,508,1,2,2,1,3471,39,15,TwnhsE,WD,133773
StoneBr,1990,1997,4,7,4346,2366,3,2,3,1,23286,20,13,1Fam,ConLD,674766
ClearCr,2008,2008,1,9,983,489,2,2,4,1,16042,2,2,1Fam,COD,276900
BrkSide,1922,1989,5,3,515,169,2,2,4,0,10191,88,21,1Fam,WD,137120
ClearCr,1945,1990,9,3,2049,428,3,3,3,0,14954,65,20,1Fam,COD,415744
Gilbert,1971,1984,8,2,1859,1527,3,3,2,0,21998,39,26,2fmCon,WD,350415
Somerst,1907,1919,8,1,3340,2860,1,1,4,0,5273,103,91,1Fam,WD,454205
Veenker,1958,1984,5,1,2396,701,3,2,2,1,21531,52,26,1Fam,WD,382950
IDOTRR,1989,1994,9,3,3063,998,3,1,4,1,9409,21,16,2fmCon,WD,291435
ClearCr,2010,2010,3,7,3472,1718,1,1,2,2,4366,0,0,TwnhsE,WD,446282
NAmes,1958,1974,3,9,1650,778,3,2,4,0,18570,52,36,1Fam,WD,234290
Timber,1912,1947,1,2,3371,1981,2,2,4,1,3567,98,63,Duplex,WD,387912
Timber,1938,1939,9,7,3065,1344,2,1,3,1,23791,72,71,1Fam,New,539617
NridgHt,2000,2008,6,1,628,144,2,2,2,0,18331,10,2,1Fam,New,388529
Gilbert,1927,2003,2,2,1010,582,2,2,3,1,11458,83,7,1Fam,WD,189184
Somerst,1988,2007,8,6,922,355,0,1,3,2,10816,22,3,1Fam,COD,341423
NAmes,1960,1961,9,5,2932,944,3,2,3,0,18177,50,49,1Fam,New,382706
CollgCr,1915,1966,9,8,2406,1219,0,3,3,1,22044,95,44,1Fam,WD,400470
IDOTRR,1901,1992,2,2,731,720,2,2,2,0,4046,109,18,1Fam,WD,124823
StoneBr,1981,1991,2,1,1458,844,1,2,3,0,9767,29,19,1Fam,ConLD,356162
NAmes,1916,2005,7,7,1324,1020,3,1,4,1,8544,94,5,1Fam,WD,231223
Mitchel,1929,1950,4,6,3766,2864,2,1,3,1,5275,81,60,1Fam,ConLD,362611
Mitchel,2002,2008,1,8,564,534,2,1,3,1,12888,8,2,1Fam,WD,176995
NAmes,1912,1978,8,8,1332,1063,2,2,3,1,11766,98,32,1Fam,WD,249660
NWAmes,1995,1997,2,2,1114,914,3,1,4,2,22062,15,13,1Fam,WD,228023
Crawfor,1992,2003,3,8,3848,2774,2,2,3,0,16321,18,7,1Fam,WD,477749
NoRidge,2009,2010,5,6,2528,866,3,1,3,1,5034,1,0,1Fam,WD,519335
NridgHt,1993,1997,3,9,4241,2191,1,2,1,1,3553,17,13,Twnhs,WD,664154
BrkSide,1981,2000,7,7,3795,3195,1,1,4,1,8612,29,10,1Fam,WD,338830
Crawfor,1912,1950,7,2,1300,906,2,2,4,1,19583,98,60,1Fam,WD,277495
Mitchel,1942,1954,2,8,2467,2038,3,2,3,2,20402,68,56,1Fam,WD,309624
CollgCr,1984,1992,7,9,777,446,1,2,2,0,11429,26,18,TwnhsE,WD,282574
NoRidge,1993,2005,6,7,2513,1740,0,2,3,1,23452,17,5,1Fam,New,623576
NoRidge,1920,1931,10,4,2217,1212,1,2,4,1,11622,90,79,TwnhsE,WD,506966
Gilbert,1954,1966,9,9,2913,2072,2,2,3,1,8332,56,44,1Fam,WD,425156
ClearCr,1980,2003,9,4,3063,1735,2,3,2,1,10061,30,7,1Fam,WD,480003
Timber,1939,1995,2,4,1738,1303,3,2,3,0,5239,71,15,1Fam,WD,309246
CollgCr,1982,1989,7,9,2986,2449,1,1,4,0,22257,28,21,1Fam,WD,438645
NridgHt,1914,1993,5,8,927,579,1,1,2,0,1839,96,17,1Fam,WD,318812
Crawfor,1972,2006,6,4,3276,2407,2,2,3,1,4362,38,4,1Fam,WD,433116
Timber,1951,1953,1,8,2943,1619,2,2,3,1,18497,59,57,2fmCon,WD,425922
Mitchel,1973,1977,7,8,3780,915,2,2,3,0,18987,37,33,1Fam,WD,398339
Veenker,2007,2008,6,7,2024,1662,1,2,3,2,10484,3,2,1Fam,WD,437076
ClearCr,1994,2004,4,6,1986,1176,3,3,3,0,24630,16,6,1Fam,WD,378678
NridgHt,1952,1958,1,8,1085,66,2,3,2,0,9758,58,52,1Fam,WD,305975
NridgHt,1986,2006,9,7,3798,1234,2,2,3,0,14002,24,4,1Fam,ConLD,728366
Somerst,1951,2006,4,5,874,777,2,2,3,1,6011,59,4,1Fam,WD,289764
CollgCr,1929,1938,2,4,2023,1840,2,2,1,1,8812,81,72,1Fam,COD,262963
Crawfor,1932,1965,8,2,3495,2749,3,2,3,0,14339,78,45,1Fam,WD,444420
Veenker,1956,1958,2,8,592,436,3,2,3,1,23289,54,52,1Fam,WD,266321
Gilbert,1951,1958,5,9,4031,2017,2,2,3,0,2070,59,52,TwnhsE,WD,410968
NAmes,1908,1938,6,4,2100,1233,2,1,3,0,10231,102,72,1Fam,Oth,227396
Mitchel,1953,1963,8,4,2868,1196,2,2,3,0,6856,57,47,1Fam,WD,328519
NridgHt,2010,2010,1,5,3581,2628,2,2,3,0,18000,0,0,1Fam,WD,610112
CollgCr,1900,2008,1,2,1413,191,2,2,3,1,11890,110,2,1Fam,WD,199524
NoRidge,1943,2008,4,7,3874,2191,3,1,4,1,8724,67,2,1Fam,WD,627136
Timber,1998,2003,5,5,1845,1263,2,2,3,0,20915,12,7,Twnhs,New,462446
IDOTRR,1974,2005,9,6,2340,1372,0,1,3,0,21340,36,5,Twnhs,COD,251352
StoneBr,1997,2000,7,4,4027,3288,2,3,2,0,4551,13,10,1Fam,WD,685302
CollgCr,1979,2003,7,8,1801,303,1,2,2,0,15565,31,7,1Fam,WD,340346
Crawfor,1908,2005,8,8,2121,1425,2,1,2,1,12059,102,5,TwnhsE,WD,359312
NWAmes,1931,1980,5,5,2061,632,2,1,4,0,9933,79,30,1Fam,Oth,269175
CollgCr,1914,1993,5,6,2253,754,3,2,3,1,10156,96,17,1Fam,WD,330599
NridgHt,1911,1935,1,3,1916,967,2,1,3,0,11942,99,75,1Fam,New,364784
Somerst,1996,2007,9,1,3464,1003,2,3,4,0,15256,14,3,1Fam,WD,530803
CollgCr,2008,2010,6,9,594,318,2,2,2,2,9307,2,0,Twnhs,WD,286212
NoRidge,1977,1993,9,9,2279,1528,4,2,3,0,8802,33,17,1Fam,WD,581481
Somerst,1956,2000,3,3,1458,497,4,2,3,0,19762,54,10,1Fam,COD,328525
NridgHt,1907,1917,5,4,1630,617,3,2,3,0,6381,103,93,Duplex,WD,394005
NridgHt,1971,1976,2,7,1913,1083,3,2,3,0,22520,39,34,1Fam,New,470223
Somerst,1926,1948,10,2,2283,1254,2,2,3,0,20418,84,62,TwnhsE,WD,420376
NoRidge,1961,1987,5,3,4097,2137,3,3,3,0,11597,49,23,1Fam,WD,657801
Crawfor,1911,1980,8,6,4244,2437,4,2,4,1,5309,99,30,1Fam,WD,488526
Gilbert,1964,2001,2,8,2618,1989,0,2,4,1,10263,46,9,1Fam,WD,337140
Mitchel,2006,2007,8,1,1163,1232,2,1,4,1,23489,4,3,1Fam,WD,301323
Timber,2003,2010,4,4,1468,726,2,2,4,1,16240,7,0,1Fam,WD,367362
StoneBr,1941,1977,10,1,3134,2407,2,2,3,1,5141,69,33,1Fam,WD,629218
NoRidge,1961,2009,10,2,3947,2633,2,2,3,0,2156,49,1,Twnhs,WD,724285
Gilbert,1910,1961,1,8,3274,2209,2,1,3,0,17109,100,49,TwnhsE,WD,332107
NWAmes,2002,2002,5,6,2915,1922,2,2,4,0,21035,8,8,1Fam,WD,367384
NridgHt,1942,1963,1,9,2598,2431,4,1,3,1,5610,68,47,TwnhsE,WD,502731
BrkSide,1994,2008,7,2,4469,2100,2,2,2,0,12714,16,2,TwnhsE,WD,367852
NridgHt,1916,1920,8,3,1666,1284,3,2,4,0,8707,94,90,1Fam,WD,447394
CollgCr,1996,2002,3,9,3990,2416,2,2,4,0,17369,14,8,1Fam,WD,480551
NWAmes,1931,1948,3,9,2071,1172,2,1,4,0,1806,79,62,TwnhsE,New,273272
NAmes,1992,1997,7,6,2023,841,2,2,2,0,10396,18,13,1Fam,WD,283581
NWAmes,1984,2005,4,3,4457,2503,2,1,3,0,22376,26,5,1Fam,WD,459735
Mitchel,1984,2004,3,5,1487,1081,2,3,3,0,10369,26,6,1Fam,WD,239480
Somerst,1939,1975,8,2,3738,2474,2,1,3,0,12604,71,35,1Fam,ConLD,491171
Mitchel,1922,1985,3,7,4319,1445,2,3,2,0,13685,88,25,TwnhsE,WD,365510
NoRidge,1955,1964,7,8,2807,1748,2,2,3,0,9902,55,46,1Fam,New,600308
NAmes,1905,1983,2,6,3763,1323,2,2,2,0,22378,105,27,TwnhsE,WD,292721
CollgCr,1985,1994,1,8,1725,1489,2,1,3,1,2896,25,16,2fmCon,WD,295699
Mitchel,1949,2007,6,2,4345,3421,2,2,3,0,4960,61,3,1Fam,WD,406025
ClearCr,2001,2002,8,3,1708,681,1,2,4,0,5853,9,8,1Fam,WD,361956
Gilbert,1936,1951,1,7,2705,2199,2,2,1,0,20046,74,59,1Fam,WD,308367
CollgCr,2008,2009,10,1,4329,3340,0,1,3,0,14121,2,1,1Fam,WD,545879
NWAmes,1963,2000,9,7,4193,1921,1,3,2,0,11972,47,10,Duplex,COD,474188
NoRidge,1953,1987,3,6,598,377,2,3,2,2,9176,57,23,1Fam,WD,333512
NridgHt,1971,2004,3,8,2788,1624,0,2,3,1,6044,39,6,Duplex,WD,511284
Timber,2004,2007,4,7,2014,1352,2,2,4,0,4648,6,3,1Fam,WD,420247
StoneBr,1948,1949,1,4,701,245,2,2,4,1,13772,62,61,1Fam,WD,254385
NAmes,1998,2010,9,3,1133,580,1,2,3,0,2327,12,0,1Fam,WD,252399
Timber,1910,1950,3,3,4080,2126,2,1,4,0,4155,100,60,1Fam,WD,475206
IDOTRR,1987,2002,10,4,4200,1728,3,2,2,1,11837,23,8,1Fam,WD,351575
Somerst,1948,2006,4,9,3667,2826,3,2,3,0,24595,62,4,1Fam,WD,497405
StoneBr,1920,1988,1,9,1245,564,2,0,2,0,14249,90,22,1Fam,WD,300428
Mitchel,1965,1992,4,2,989,549,3,2,4,1,10191,45,18,1Fam,WD,223698
Gilbert,1962,2000,1,5,1078,1050,2,3,3,1,12370,48,10,1Fam,WD,226856
CollgCr,2003,2007,5,1,4459,2470,1,1,2,2,10753,7,3,1Fam,WD,479889
CollgCr,1982,2001,5,4,3789,2331,4,1,3,1,9025,28,9,1Fam,WD,470076
NWAmes,2002,2009,7,2,3074,2528,3,2,2,1,15053,8,1,1Fam,WD,410376
Timber,1927,1987,8,8,772,672,2,1,2,0,23054,83,23,TwnhsE,WD,337225
IDOTRR,1916,2006,4,4,1742,586,2,1,2,0,4996,94,4,TwnhsE,WD,165404
IDOTRR,1905,1998,7,5,1285,736,2,2,1,1,23978,105,12,1Fam,WD,179310
Gilbert,1918,1975,4,4,4454,3881,1,2,3,2,5722,92,35,1Fam,New,534560
StoneBr,1955,1999,3,5,4230,1994,2,3,3,0,19873,55,11,1Fam,New,668098
Gilbert,2001,2010,6,5,3903,1769,2,2,2,2,12216,9,0,1Fam,New,509161
NridgHt,1927,1933,4,5,4427,1609,3,2,3,0,24463,83,77,1Fam,WD,659068
NridgHt,1965,2006,3,3,952,169,0,2,4,0,23388,45,4,1Fam,WD,326795
Timber,1937,1983,9,7,1675,1273,3,3,3,0,5680,73,27,1Fam,WD,441708
CollgCr,1936,1988,5,3,2894,1882,1,1,3,1,2882,74,22,1Fam,WD,362889
NAmes,1967,2004,7,2,1315,1050,2,1,3,1,15862,43,6,1Fam,WD,239375
NWAmes,1985,1989,6,3,913,755,2,3,3,0,5667,25,21,1Fam,WD,257014
NWAmes,1989,1990,10,3,2050,951,2,3,5,2,21050,21,20,TwnhsE,ConLD,371011
ClearCr,1948,2000,5,8,930,241,1,1,3,1,20519,62,10,TwnhsE,WD,278403
Somerst,1942,1956,7,4,2926,2492,2,1,2,1,7045,68,54,TwnhsE,WD,428487
Somerst,1935,1960,6,3,3545,1743,2,2,3,1,23093,75,50,1Fam,WD,459439
IDOTRR,1957,2004,10,5,1394,623,1,1,3,0,17081,53,6,1Fam,WD,208343
NridgHt,1912,2006,2,4,2975,2343,1,2,3,1,17453,98,4,1Fam,WD,507976
NAmes,1951,1969,3,9,4437,3094,2,1,4,0,10927,59,41,1Fam,WD,374710
Crawfor,1957,1965,2,8,2446,1144,2,1,4,0,12322,53,45,1Fam,ConLD,307900
ClearCr,1931,1994,3,7,1607,1640,1,2,2,1,23266,79,16,TwnhsE,WD,299113
NWAmes,1980,2008,1,8,691,510,2,3,3,2,5483,30,2,Twnhs,WD,201116
CollgCr,2004,2009,8,5,540,174,3,2,4,1,19289,6,1,Duplex,ConLD,301378
NAmes,1999,2008,6,4,2387,1648,0,2,2,1,7700,11,2,1Fam,WD,275714
BrkSide,1959,2009,2,7,2359,1092,2,3,3,1,16261,51,1,1Fam,WD,221801
ClearCr,2009,2009,8,1,2296,1635,1,2,3,0,23626,1,1,2fmCon,WD,411969
Veenker,1982,1985,6,6,1832,1393,0,2,3,1,24595,28,25,TwnhsE,WD,389791
Crawfor,1957,1959,7,8,3949,3586,1,2,3,0,19768,53,51,1Fam,WD,506749
BrkSide,1998,2005,1,7,635,95,2,1,3,0,14819,12,5,1Fam,WD,134065
Timber,2009,2010,7,2,2313,806,3,2,5,0,17090,1,0,1Fam,WD,460884
Crawfor,2003,2007,3,7,605,157,2,2,3,0,14997,7,3,1Fam,WD,208649
Gilbert,1955,2006,8,6,1018,610,2,2,4,0,23056,55,4,1Fam,WD,303948
NWAmes,1927,1937,6,5,2441,889,2,1,1,0,3684,83,73,TwnhsE,WD,280852
NoRidge,1900,1996,4,4,3361,1837,2,2,3,0,24201,110,14,1Fam,WD,524145
NWAmes,1941,1998,8,1,2065,640,2,2,2,1,8503,69,12,1Fam,WD,305114
BrkSide,1981,1991,9,2,625,306,3,1,3,1,9910,29,19,1Fam,WD,201376
StoneBr,1947,1973,10,7,3928,1216,3,1,2,1,8930,63,37,1Fam,WD,693083
Timber,1939,1959,2,3,2947,2100,3,3,4,0,5850,71,51,1Fam,WD,413711
IDOTRR,1996,2002,6,5,2626,957,2,2,3,1,15398,14,8,1Fam,WD,276005
StoneBr,1962,1992,5,8,888,580,3,1,1,0,7867,48,18,1Fam,WD,355034
NAmes,1975,1976,5,8,4150,2956,2,2,4,1,22583,35,34,Twnhs,WD,398240
CollgCr,1971,1997,10,6,2058,1704,2,1,4,0,10878,39,13,1Fam,WD,400280
Timber,1987,1990,3,5,2224,883,3,2,3,1,3233,23,20,1Fam,WD,394839
NAmes,1979,1989,8,2,2621,774,0,2,2,0,14488,31,21,TwnhsE,WD,294443
ClearCr,1903,1984,8,9,1528,1170,2,2,4,1,20851,107,26,Twnhs,COD,343037
CollgCr,1937,2001,5,1,2442,1480,2,2,4,1,17956,73,9,1Fam,WD,359385
Somerst,2007,2009,8,2,4034,3077,2,1,3,1,22877,3,1,Duplex,WD,596171
Crawfor,1926,1960,10,1,581,391,1,2,3,0,7617,84,50,1Fam,COD,260252
StoneBr,1908,1938,8,4,2060,1173,4,1,3,0,6542,102,72,1Fam,WD,463754
Somerst,2010,2010,3,4,1275,441,2,2,4,2,9561,0,0,1Fam,WD,322985
IDOTRR,1915,1942,2,5,3538,2439,1,3,3,0,18514,95,68,1Fam,WD,246367
Timber,1955,1993,9,5,3976,3029,0,2,2,2,12534,55,17,1Fam,Oth,604082
Gilbert,1975,1975,2,8,4085,1521,3,3,4,0,23487,35,35,1Fam,New,469991
Somerst,1930,1954,9,3,777,399,1,1,1,2,2377,80,56,1Fam,WD,287278
Mitchel,1987,1997,4,6,3387,1204,1,2,4,2,22177,23,13,1Fam,WD,335869
NoRidge,1913,1996,2,3,2378,1406,2,1,3,1,11142,97,14,1Fam,WD,423941
IDOTRR,2008,2010,10,2,2771,2051,2,2,3,0,4040,2,0,Duplex,WD,296452
ClearCr,1924,1986,1,8,2107,963,2,1,2,0,1581,86,24,1Fam,WD,260883
Timber,1933,1983,4,1,3639,3152,2,1,4,2,19215,77,27,1Fam,WD,508085
NridgHt,1966,1967,9,9,3891,2400,3,1,4,1,11414,44,43,Twnhs,WD,745253
StoneBr,1923,2004,9,7,1105,917,4,2,4,0,9455,87,6,1Fam,New,514740
CollgCr,2005,2010,4,4,2566,1721,2,1,3,0,17423,5,0,1Fam,WD,376785
Somerst,1972,1981,9,3,1139,359,2,2,2,1,16336,38,29,1Fam,WD,341735
Mitchel,1925,1993,6,6,3914,1664,3,1,3,1,18240,85,17,1Fam,WD,378911
ClearCr,1919,1927,1,9,4165,2035,2,1,3,1,11011,91,83,1Fam,WD,415382
Timber,1963,1964,10,9,2289,756,2,2,3,1,2079,47,46,Duplex,New,579213
Crawfor,2003,2004,6,4,2256,1333,2,3,4,2,14087,7,6,1Fam,WD,418278
NWAmes,1909,1968,9,5,1866,916,2,1,3,0,2145,101,42,1Fam,WD,303794
StoneBr,1982,1987,2,9,2644,2062,2,1,3,0,17202,28,23,1Fam,ConLD,484743
StoneBr,1966,1996,6,2,3623,1810,2,2,5,0,7763,44,14,1Fam,WD,613013
NridgHt,1923,1932,2,2,674,481,4,2,2,2,17428,87,78,1Fam,WD,278562
NWAmes,1904,1979,4,5,3909,3339,0,2,4,1,12323,106,31,TwnhsE,WD,380523
Gilbert,1966,2001,8,1,4265,3562,1,1,3,0,9999,44,9,1Fam,WD,499738
CollgCr,1957,2010,7,8,1876,669,1,2,4,0,1733,53,0,1Fam,WD,328479
NAmes,1926,2010,9,5,3962,2592,2,1,3,0,18918,84,0,1Fam,WD,394686
Mitchel,1979,1995,7,2,3686,1660,1,2,3,1,14430,31,15,1Fam,WD,377921
Crawfor,1914,1983,1,9,847,602,2,2,1,1,16746,96,27,Twnhs,New,197900
NAmes,1934,1982,2,2,500,140,2,2,5,1,7517,76,28,TwnhsE,COD,138484
Timber,1975,1977,6,7,562,293,2,2,4,0,6621,35,33,1Fam,WD,309342
NoRidge,2004,2005,7,8,2283,1140,2,3,2,2,16596,6,5,1Fam,WD,582069
Timber,1952,1956,3,6,4314,2528,3,1,5,0,3235,58,54,1Fam,New,591622
NridgHt,1943,2003,9,7,725,696,2,1,3,1,5777,67,7,1Fam,WD,435087
CollgCr,1925,2009,7,1,2970,1089,3,2,4,0,2441,85,1,TwnhsE,WD,364510
BrkSide,1946,1971,6,4,1542,734,2,2,2,0,1849,64,39,1Fam,WD,203743
NridgHt,1933,2004,6,7,2578,1722,1,1,3,0,2905,77,6,1Fam,WD,507126
NoRidge,1986,1990,1,1,1344,377,1,2,3,1,8964,24,20,1Fam,WD,335700
ClearCr,1994,2008,5,1,3180,2006,4,2,2,1,15008,16,2,1Fam,WD,452327
BrkSide,1949,2007,10,6,523,194,2,2,3,0,13319,61,3,1Fam,WD,217636
Veenker,1983,1998,3,4,3384,2487,0,2,3,0,3045,27,12,1Fam,WD,457157
CollgCr,1911,1911,7,3,3530,1734,2,2,3,1,22204,99,99,1Fam,New,469684
NridgHt,1986,2001,10,5,1734,1173,2,0,3,0,19630,24,9,1Fam,WD,559673
StoneBr,1903,1939,3,9,2484,1486,2,2,5,0,9396,107,71,1Fam,WD,447739
IDOTRR,1986,1988,5,3,660,199,1,2,3,0,19238,24,22,1Fam,WD,164029
IDOTRR,1947,1998,7,5,1778,895,3,1,3,1,13324,63,12,1Fam,WD,213082
NridgHt,1954,2000,3,5,2094,1024,1,2,3,0,8830,56,10,1Fam,WD,408792
IDOTRR,1900,1994,10,9,2661,1416,2,3,3,2,5788,110,16,1Fam,WD,301763
Gilbert,1988,2000,2,4,3051,1688,2,2,4,0,22650,22,10,1Fam,WD,357044
NAmes,1965,1980,6,1,2452,1819,1,1,4,0,23841,45,30,1Fam,WD,302591
ClearCr,1929,1983,8,5,2195,1394,2,1,2,0,13736,81,27,1Fam,WD,367705
CollgCr,1902,2008,4,1,1454,866,0,2,3,1,8335,108,2,2fmCon,WD,260299
CollgCr,1920,1940,9,6,3791,1690,2,3,4,0,4085,90,70,1Fam,WD,455213
Gilbert,1988,1989,8,7,856,239,3,2,4,1,22591,22,21,1Fam,WD,308013
NoRidge,1983,2004,7,1,2716,2157,2,2,3,0,2400,27,6,1Fam,ConLD,590140
NridgHt,1948,1974,7,4,4095,2954,2,2,2,0,15434,62,36,Twnhs,WD,686599
Veenker,1985,1990,3,9,1468,547,2,2,3,1,21225,25,20,Twnhs,WD,352650
NWAmes,1984,2009,6,1,741,303,2,2,2,1,18011,26,1,Twnhs,WD,236862
Timber,1961,1998,5,9,3946,2263,3,1,4,0,19559,49,12,1Fam,WD,579585
Gilbert,1996,2009,1,8,638,337,1,2,2,1,19661,14,1,1Fam,WD,199204
IDOTRR,1937,1947,3,5,2644,1528,3,2,2,1,6665,73,63,2fmCon,WD,235403
NoRidge,1914,1985,1,6,646,148,3,0,3,0,12187,96,25,TwnhsE,WD,220618
Gilbert,2009,2010,4,7,3753,2600,2,2,3,1,18467,1,0,Twnhs,COD,451780
ClearCr,1951,1983,10,4,1580,433,1,3,3,0,2966,59,27,1Fam,WD,360945
NAmes,1978,1984,3,6,1565,975,0,2,3,1,10194,32,26,1Fam,WD,206779
StoneBr,1945,2008,4,7,3413,2715,2,3,4,1,8250,65,2,1Fam,WD,599462
Gilbert,1924,1944,9,6,4282,2335,3,1,3,0,2655,86,66,1Fam,WD,457059
NAmes,1920,1991,3,6,1042,432,2,2,3,0,9460,90,19,2fmCon,WD,171860
BrkSide,1987,2005,6,2,1191,678,2,1,3,0,18819,23,5,TwnhsE,COD,240700
Gilbert,1904,1966,6,5,1525,1140,1,2,3,2,12283,106,44,1Fam,WD,288293
CollgCr,1969,1989,7,3,3859,2945,2,2,3,1,18239,41,21,1Fam,Oth,500740
Crawfor,2006,2009,9,7,1661,810,2,2,3,0,19878,4,1,Twnhs,WD,379317
NAmes,2007,2010,7,4,2140,747,1,2,4,0,6656,3,0,1Fam,WD,270227
Crawfor,1946,2003,1,1,4083,3680,0,2,3,0,24165,64,7,1Fam,WD,408021
NridgHt,1986,1999,8,6,3451,2318,2,2,4,1,11137,24,11,1Fam,WD,713793
BrkSide,1967,1997,5,6,1229,1014,2,3,3,1,12351,43,13,1Fam,WD,209921
Gilbert,1990,2007,9,7,3793,2022,2,2,3,2,6864,20,3,1Fam,WD,493008
Gilbert,1917,2009,10,8,2878,1060,3,1,3,0,12972,93,1,1Fam,WD,395839
Timber,1920,1928,5,3,3164,2546,2,1,3,1,5474,90,82,1Fam,WD,437339
Gilbert,1991,2005,5,6,903,459,1,2,3,1,20388,19,5,1Fam,WD,288280
Somerst,1998,2007,2,2,3055,1117,2,2,3,1,20030,12,3,1Fam,WD,432279
Gilbert,1985,1994,3,9,2439,952,4,1,1,0,8804,25,16,1Fam,WD,326366
NoRidge,2003,2007,10,2,1650,549,3,1,3,1,2710,7,3,1Fam,WD,506422
Gilbert,1922,2001,9,3,3836,1298,3,1,3,0,24063,88,9,2fmCon,WD,436233
IDOTRR,1963,1998,7,2,2235,1320,2,2,5,0,10321,47,12,1Fam,WD,242551
NridgHt,1966,1985,1,9,4335,2539,3,1,4,1,12409,44,25,1Fam,WD,679999
IDOTRR,1939,1975,3,1,1538,1002,3,1,3,2,22766,71,35,1Fam,COD,169024
ClearCr,1909,1994,2,5,2773,1242,2,2,3,1,8324,101,16,1Fam,COD,334641
NAmes,1988,1994,1,1,3531,2565,2,2,2,0,7698,22,16,1Fam,WD,308211
Mitchel,1951,1973,9,5,3412,1318,4,2,3,1,2607,59,37,1Fam,WD,411812
Crawfor,1971,2010,8,8,3676,2432,2,2,4,0,12769,39,0,Twnhs,WD,490007
NWAmes,1974,2002,5,8,1244,342,1,1,2,0,6486,36,8,TwnhsE,COD,220635
NAmes,1960,1975,2,8,3040,2460,1,3,3,1,4934,50,35,1Fam,WD,306972
ClearCr,1963,2000,1,2,818,654,2,2,5,0,9523,47,10,1Fam,COD,215811
Somerst,1904,1931,7,8,1742,1329,2,3,4,2,12746,106,79,1Fam,COD,354495
Gilbert,2008,2009,2,5,3848,2126,1,3,4,0,20699,2,1,1Fam,WD,430689
Mitchel,1952,1982,1,1,1272,763,2,2,4,0,8561,58,28,1Fam,WD,180052
NWAmes,1954,1967,2,7,2416,1537,3,1,4,1,19919,56,43,1Fam,WD,304584
Mitchel,1936,2008,7,6,3912,3291,2,2,2,1,8307,74,2,Duplex,WD,417420
ClearCr,1955,1981,7,5,2999,2640,2,1,3,1,8473,55,29,TwnhsE,WD,441557
Mitchel,1958,1981,10,1,3940,2245,2,3,3,0,1669,52,29,1Fam,WD,413003
NoRidge,2008,2008,6,1,1443,1066,0,2,3,1,14449,2,2,1Fam,WD,439891
CollgCr,2001,2010,5,6,3395,1333,2,3,4,0,16045,9,0,1Fam,WD,426312
NridgHt,1992,2010,3,7,3564,1650,2,2,3,0,14699,18,0,1Fam,WD,621271
Somerst,1968,2010,3,1,2514,943,3,2,2,1,15976,42,0,TwnhsE,New,399107
Somerst,1972,1999,9,9,4045,1688,2,2,3,0,10323,38,11,1Fam,WD,548360
Somerst,1958,1985,4,4,1713,878,0,2,3,2,10496,52,25,1Fam,WD,326605
Gilbert,1901,1972,9,5,3431,2690,2,2,4,1,22899,109,38,2fmCon,WD,447384
Somerst,1964,1986,4,2,918,645,2,2,3,2,16472,46,24,1Fam,WD,254435
ClearCr,2003,2007,2,8,4281,2685,3,3,3,0,24781,7,3,1Fam,New,558629
Timber,1959,1963,4,2,1364,909,3,2,3,2,15535,51,47,1Fam,WD,345747
Somerst,1950,1991,6,3,1288,881,1,2,3,0,4534,60,19,1Fam,WD,305791
Timber,1929,1935,6,9,2371,1023,1,2,4,0,14828,81,75,1Fam,WD,398452
NridgHt,1910,1951,5,2,994,468,1,2,3,0,12779,100,59,1Fam,WD,304915
Crawfor,1991,1994,1,6,1562,881,3,2,4,1,22364,19,16,1Fam,WD,285040
Gilbert,2007,2007,3,4,2709,2211,0,2,5,0,21296,3,3,1Fam,WD,370640
Crawfor,1975,2001,5,7,2525,1610,1,2,5,1,6488,35,9,1Fam,WD,351468
CollgCr,1938,1995,6,6,2668,2127,2,1,3,0,8630,72,15,Twnhs,WD,363032
Somerst,1989,2002,1,9,4463,1930,2,2,4,0,16604,21,8,1Fam,WD,520236
NAmes,1976,1977,9,9,2946,1464,1,3,3,1,5369,34,33,1Fam,WD,368993
CollgCr,1971,1995,3,4,3833,2964,2,1,4,0,23983,39,15,TwnhsE,WD,433445
CollgCr,1962,1970,10,1,2485,1345,2,2,4,1,2291,48,40,Twnhs,WD,398367
NridgHt,1963,1989,3,2,1227,1054,2,2,4,1,13833,47,21,Duplex,WD,403053
Somerst,1960,1960,2,8,4395,2103,4,2,4,2,12243,50,50,1Fam,WD,526872
Somerst,1953,1975,8,8,1060,824,1,2,3,0,5341,57,35,1Fam,COD,321273
Somerst,1991,2000,3,2,3151,2596,2,2,2,2,4856,19,10,1Fam,COD,452959
Crawfor,1993,2002,6,4,1652,1104,3,2,3,1,9022,17,8,Duplex,WD,328928
CollgCr,1972,1996,2,1,4404,2483,3,1,4,2,6425,38,14,1Fam,WD,454447
Crawfor,2002,2007,7,7,1039,660,2,3,3,0,12264,8,3,1Fam,WD,309426
NWAmes,1994,1996,4,4,2903,1265,2,2,3,1,22958,16,14,1Fam,ConLD,360932
Mitchel,1957,1962,9,8,1159,782,1,2,3,1,13596,53,48,1Fam,WD,280338
NWAmes,1984,2009,10,9,2979,1335,2,2,3,0,8200,26,1,1Fam,ConLD,419679
IDOTRR,1955,1960,9,9,2363,1695,4,1,4,1,3594,55,50,Duplex,WD,277001
NridgHt,2010,2010,7,3,3636,2679,2,3,3,1,14315,0,0,1Fam,WD,737414
StoneBr,1933,1985,8,5,3789,1599,2,2,4,1,17753,77,25,1Fam,WD,652924
NridgHt,1930,1995,3,6,3110,2198,1,1,3,0,7750,80,15,TwnhsE,WD,518636
Gilbert,1951,2008,5,6,1950,1163,2,3,4,1,16862,59,2,1Fam,WD,331610
NAmes,1988,2005,2,8,1316,841,2,2,3,0,10307,22,5,1Fam,New,243258
Timber,1975,1997,10,6,2444,906,2,2,2,1,14753,35,13,1Fam,WD,492826
BrkSide,1900,1901,7,6,3645,2132,0,2,4,0,23136,110,109,1Fam,WD,303472
NridgHt,1954,1965,8,4,4031,2941,2,1,3,0,13685,56,45,1Fam,WD,689583
BrkSide,1921,1942,9,7,3996,2887,2,2,3,0,8503,89,68,1Fam,WD,350736
Somerst,1939,1975,7,8,3258,1692,2,1,3,1,17642,71,35,TwnhsE,WD,493815
NoRidge,2000,2003,10,3,1715,1108,2,2,3,2,22180,10,7,TwnhsE,WD,552073
CollgCr,2010,2010,10,7,3760,2919,2,2,3,0,3801,0,0,1Fam,WD,517305
Timber,1900,2002,8,3,511,45,2,3,2,0,11922,110,8,1Fam,WD,272274
Veenker,1964,1987,9,8,2786,1800,2,2,3,0,6769,46,23,1Fam,WD,506552
Veenker,1962,2009,6,1,2395,1085,3,1,3,1,11264,48,1,1Fam,COD,411693
Mitchel,2005,2008,10,1,4164,3296,2,3,3,1,12720,5,2,1Fam,WD,469554
CollgCr,1953,1953,2,6,3000,2153,3,2,3,0,18388,57,57,1Fam,WD,382758
Veenker,1941,2005,2,9,2930,2176,2,2,5,1,16248,69,5,1Fam,WD,441226
Crawfor,1920,2000,4,4,3329,1907,2,1,3,0,19829,90,10,1Fam,WD,362719
NWAmes,1978,1978,9,6,4373,1883,1,2,4,0,19745,32,32,1Fam,WD,470744
Veenker,1980,2000,7,5,547,397,2,3,3,0,21606,30,10,2fmCon,WD,347609
ClearCr,1921,1923,2,1,2864,1509,4,2,3,1,21567,89,87,2fmCon,WD,346392
NoRidge,1937,1982,8,6,2756,1857,2,3,2,2,18287,73,28,1Fam,New,650534
StoneBr,1998,2004,7,9,2070,869,2,2,2,1,22215,12,6,1Fam,WD,539375
Gilbert,2008,2010,9,3,3690,2666,1,2,3,0,11311,2,0,TwnhsE,WD,483093
StoneBr,1979,2002,8,3,1076,937,3,2,3,1,4406,31,8,1Fam,WD,456309
CollgCr,1907,1992,3,2,2862,1964,2,1,4,0,13308,103,18,1Fam,WD,328906
NWAmes,1961,2004,1,4,1253,477,2,2,3,1,22612,49,6,1Fam,WD,220211
NoRidge,1946,1990,2,3,1559,1479,2,2,4,1,3069,64,20,1Fam,WD,369369
Crawfor,1916,1941,2,2,4034,2908,2,2,5,2,13408,94,69,1Fam,WD,407153
Timber,1916,1992,4,1,4335,3147,2,1,2,0,1639,94,18,1Fam,WD,524302
IDOTRR,1989,1989,6,3,3462,1688,2,1,3,1,6183,21,21,1Fam,WD,285839
CollgCr,1912,1935,4,6,3302,1897,3,2,3,1,8230,98,75,1Fam,WD,387743
Mitchel,1916,1989,9,9,1053,410,3,1,3,0,12656,94,21,1Fam,WD,268668
CollgCr,1937,1971,4,5,4152,2447,3,1,3,1,6562,73,39,1Fam,WD,417801
NridgHt,1980,2003,6,3,902,133,1,2,4,2,22549,30,7,1Fam,WD,385361
Gilbert,1977,2004,6,5,1630,1012,3,3,5,2,3672,33,6,1Fam,WD,333068
IDOTRR,1944,1959,10,5,2586,1499,1,2,4,1,23963,66,51,1Fam,New,289265
Crawfor,1905,1963,10,5,3128,1634,1,2,3,0,4920,105,47,1Fam,COD,394977
Mitchel,1934,1987,1,7,2727,1771,3,3,3,1,7777,76,23,1Fam,WD,283778
NAmes,2009,2009,8,5,2559,1957,3,2,3,1,2749,1,1,1Fam,WD,338938
Timber,1913,1928,3,7,3910,1230,2,2,3,0,23948,97,82,1Fam,WD,477030
Timber,2010,2010,6,9,3490,2547,3,2,3,0,17571,0,0,2fmCon,WD,578924
Crawfor,1971,1985,3,5,4287,1563,4,2,2,0,4197,39,25,1Fam,WD,438849
ClearCr,1960,1993,2,2,1047,424,2,1,4,0,4253,50,17,1Fam,WD,230931
NAmes,1914,1924,5,5,1649,640,2,2,4,1,16403,96,86,Twnhs,WD,211338
BrkSide,1953,1953,1,8,562,661,3,2,3,0,14126,57,57,1Fam,WD,125687
Somerst,1926,2004,9,4,1343,876,2,2,5,0,22818,84,6,TwnhsE,WD,358360
Timber,1912,2001,7,2,3653,2825,1,2,3,0,24349,98,9,1Fam,WD,527452
Mitchel,1930,1997,3,3,1508,994,3,2,2,1,5384,80,13,1Fam,WD,222367
Veenker,1934,1976,4,9,2342,672,2,2,4,0,8754,76,34,1Fam,WD,348974
Mitchel,1959,1963,6,9,2531,1762,1,2,5,0,1594,51,47,1Fam,WD,335384
ClearCr,1905,2003,3,8,1822,602,2,3,3,0,5791,105,7,1Fam,WD,269767
Gilbert,1968,1980,7,8,2581,2009,2,2,2,1,16491,42,30,1Fam,WD,374744
NoRidge,1985,1994,6,8,1251,705,4,3,4,0,14309,25,16,Duplex,WD,467975
Crawfor,1957,1967,9,8,4180,2167,2,2,2,1,14540,53,43,1Fam,WD,505907
ClearCr,1948,1965,5,8,548,532,2,2,3,0,7280,62,45,1Fam,WD,256632
Crawfor,1922,1962,4,1,1157,1092,4,2,3,0,22967,88,48,1Fam,WD,251871
StoneBr,1988,1997,3,6,2160,1171,3,1,4,0,16841,22,13,1Fam,New,524180
NWAmes,1933,1982,10,9,1200,736,2,3,3,0,9704,77,28,TwnhsE,WD,310271
NAmes,1925,1995,1,8,1580,894,3,1,4,0,3801,85,15,1Fam,WD,205795
Timber,1946,2004,3,3,4432,3567,2,2,3,0,21967,64,6,1Fam,WD,551750
NoRidge,1904,1942,3,1,2656,1722,2,2,3,0,24003,106,68,1Fam,WD,442875
NridgHt,1989,1991,7,2,2040,772,2,2,5,1,7724,21,19,TwnhsE,WD,543619
Gilbert,1919,1994,7,2,3532,1739,2,2,2,0,1872,91,16,1Fam,New,402671
Crawfor,1905,1911,1,7,2571,1040,2,3,3,1,5989,105,99,Twnhs,COD,276806
CollgCr,1969,1994,3,6,2768,1383,2,2,3,1,15701,41,16,1Fam,New,416397
Timber,1958,1990,8,2,2483,835,2,3,4,1,7351,52,20,TwnhsE,WD,467446
Somerst,1963,1999,9,8,814,578,0,2,2,0,7528,47,11,1Fam,New,336985
Crawfor,1917,1964,7,9,2841,2488,1,1,3,1,18700,93,46,1Fam,COD,395208
CollgCr,1903,1981,7,7,3581,1206,2,1,3,0,21496,107,29,1Fam,WD,404881
IDOTRR,1916,1917,8,4,2200,1366,1,2,3,0,12631,94,93,1Fam,WD,204594
NoRidge,1913,1983,6,1,3567,2154,2,1,2,0,24234,97,27,1Fam,WD,591008
Gilbert,1977,2008,3,4,4052,3402,2,2,3,2,2832,33,2,1Fam,WD,452747
ClearCr,1912,1915,1,4,4298,2495,2,1,3,0,16238,98,95,1Fam,WD,429975
ClearCr,1906,1925,7,8,1517,838,2,2,1,2,12938,104,85,1Fam,COD,321118
NWAmes,1943,1978,1,4,1137,608,2,2,3,0,24245,67,32,1Fam,New,216327
Gilbert,1914,1945,1,4,2814,998,3,2,4,2,17531,96,65,1Fam,COD,287420
IDOTRR,1918,1945,9,2,4363,1416,4,1,2,2,16161,92,65,1Fam,WD,338895
NoRidge,1962,1974,10,7,2635,1486,3,1,3,2,2255,48,36,1Fam,WD,614518
NoRidge,2006,2006,7,4,3002,1038,2,2,4,1,5025,4,4,1Fam,WD,603777
NWAmes,2010,2010,4,6,2149,1523,1,1,2,1,3296,0,0,1Fam,WD,309500
Crawfor,2007,2010,6,3,4104,1885,2,2,1,2,15254,3,0,1Fam,WD,495565
Veenker,1934,1989,1,7,3719,2280,3,2,3,0,13661,76,21,1Fam,WD,437590
NridgHt,1980,1982,7,6,3304,1354,2,1,4,0,20943,30,28,Duplex,WD,620890
NoRidge,1934,1963,6,3,4349,3886,2,2,2,1,3677,76,47,1Fam,WD,676636
NAmes,1918,1971,4,4,4300,3427,1,2,4,0,3550,92,39,1Fam,WD,361510
StoneBr,1919,1954,7,5,2978,1047,2,2,3,1,19873,91,56,1Fam,COD,531932
Somerst,1999,2007,3,9,2275,1239,2,2,3,0,16992,11,3,1Fam,WD,400211
Timber,1934,1988,1,6,2466,1851,1,2,3,1,7309,76,22,TwnhsE,WD,360994
Somerst,1931,2010,4,4,3458,1171,3,2,5,0,23497,79,0,2fmCon,ConLD,476036
NridgHt,1947,2004,3,7,2463,1345,2,2,3,0,11763,63,6,1Fam,WD,503683
CollgCr,1943,2007,1,2,2267,1177,2,1,3,0,7476,67,3,TwnhsE,WD,274121
NridgHt,2003,2007,2,4,4315,3619,2,2,3,1,15838,7,3,1Fam,WD,690920
Mitchel,1923,1973,5,5,741,588,2,2,2,0,13675,87,37,1Fam,WD,200860
Timber,1960,1981,8,4,1201,638,2,2,2,1,3193,50,29,Twnhs,WD,345792
CollgCr,1916,2003,1,4,3449,2009,2,2,1,1,19935,94,7,1Fam,New,384265
NAmes,1970,2006,4,9,1240,1075,2,2,3,1,14595,40,4,1Fam,WD,231212
Gilbert,2006,2010,4,2,2613,2260,3,2,2,0,16338,4,0,1Fam,WD,366366
CollgCr,1949,1984,5,6,3519,2981,2,2,4,0,4420,61,26,1Fam,WD,442770
Somerst,1964,1999,7,8,2925,1022,2,2,5,1,22729,46,11,TwnhsE,WD,475668
Somerst,1998,2001,8,8,2935,1222,2,3,2,0,5667,12,9,1Fam,WD,468979
Gilbert,1931,1966,6,7,2314,1684,3,2,3,1,24115,79,44,1Fam,WD,353626
IDOTRR,1935,1986,1,4,1280,822,1,3,1,2,22507,75,24,1Fam,WD,132793
Gilbert,1912,1964,7,7,2756,729,1,0,2,0,10577,98,46,1Fam,WD,328072
CollgCr,1969,1986,3,6,3986,1304,2,2,3,1,24630,41,24,TwnhsE,WD,411883
NWAmes,1957,2006,6,6,515,548,2,1,3,2,7639,53,4,1Fam,WD,222453
CollgCr,1913,1992,8,2,3868,2801,2,1,4,1,2958,97,18,1Fam,WD,455372
NridgHt,1936,1976,7,8,1485,423,2,2,3,1,21679,74,34,1Fam,WD,465082
Crawfor,1978,1995,10,8,3791,3221,2,2,3,1,12847,32,15,1Fam,WD,522393
IDOTRR,2010,2010,6,7,4340,2795,3,2,3,0,4910,0,0,Duplex,WD,332634
StoneBr,1967,1988,9,9,866,734,1,2,1,1,21908,43,22,1Fam,New,498667
Gilbert,1939,2004,9,8,3327,1618,3,2,4,2,24153,71,6,1Fam,WD,468834
Timber,1958,1978,1,9,1752,745,1,2,2,1,2062,52,32,1Fam,ConLD,287106
CollgCr,1979,1982,1,9,4202,2304,2,2,5,0,16877,31,28,TwnhsE,WD,452648
NoRidge,1991,2002,1,6,2987,1409,2,2,2,0,23976,19,8,1Fam,COD,534359
ClearCr,1915,1961,8,2,1189,930,2,2,3,0,8492,95,49,1Fam,WD,287426
NWAmes,1961,1999,10,7,4103,1492,3,2,5,0,13718,49,11,1Fam,WD,462434
Somerst,1903,1931,7,3,4021,3339,0,1,2,1,24892,107,79,1Fam,COD,496842
Gilbert,1944,1997,3,7,1559,620,2,1,3,1,9296,66,13,Duplex,WD,235018
Mitchel,1989,2009,2,9,1346,248,2,2,4,1,7159,21,1,1Fam,New,250271
BrkSide,1927,1943,4,2,921,632,2,2,2,0,23968,83,67,TwnhsE,WD,153495
Timber,1995,2010,3,6,4489,2712,0,2,3,1,20855,15,0,1Fam,WD,588381
Somerst,2008,2010,7,6,2143,1132,3,1,2,0,18228,2,0,1Fam,WD,404649
StoneBr,1965,1973,10,9,1712,1432,3,2,3,0,24495,45,37,TwnhsE,WD,535305
IDOTRR,1930,2007,8,9,3749,1982,3,2,2,1,24168,80,3,1Fam,WD,325749
BrkSide,1902,1950,6,5,1107,613,1,3,4,0,4216,108,60,1Fam,ConLD,181175
CollgCr,1907,2007,3,5,1838,1155,2,2,2,0,11364,103,3,1Fam,WD,245905
NAmes,1923,1924,6,9,519,121,0,1,2,0,7160,87,86,TwnhsE,WD,171010
CollgCr,1914,1961,2,8,1175,731,3,2,3,1,8732,96,49,1Fam,WD,241076
Crawfor,1942,1955,7,7,881,757,2,1,3,1,12819,68,55,1Fam,WD,258144
NoRidge,1930,1988,10,8,1108,290,2,2,3,0,22777,80,22,1Fam,WD,456121
NWAmes,1972,2004,7,6,2690,1274,2,1,2,0,19003,38,6,1Fam,WD,333365
NoRidge,2002,2004,4,3,561,706,1,2,4,1,11604,8,6,1Fam,WD,345775
Mitchel,1944,2001,8,7,1765,1234,2,2,3,1,3762,66,9,1Fam,WD,287001
Mitchel,1965,2003,4,8,2785,1559,2,2,3,1,18626,45,7,TwnhsE,New,366594
NWAmes,1907,1964,7,8,1654,1275,4,2,2,1,22885,103,46,1Fam,WD,305426
NridgHt,1970,1989,4,1,2128,1093,3,1,3,1,12144,40,21,1Fam,WD,479556
Veenker,2007,2008,5,7,2126,497,2,2,4,1,23187,3,2,TwnhsE,WD,425732
Timber,2002,2004,7,3,4216,3207,3,2,3,1,17141,8,6,1Fam,WD,644188
Somerst,2005,2005,10,2,1646,1175,2,2,1,1,12460,5,5,1Fam,WD,410541
NoRidge,1956,1974,3,2,1963,924,3,2,3,2,8830,54,36,1Fam,WD,421110
BrkSide,1979,2005,10,8,1426,789,2,2,3,0,16948,31,5,2fmCon,WD,265222
CollgCr,1998,2002,5,9,2889,2065,2,2,5,2,2282,12,8,1Fam,COD,424088
Veenker,1929,2010,3,3,1942,1373,2,2,1,1,1596,81,0,1Fam,WD,321957
Somerst,1973,1988,5,3,2153,963,0,2,3,1,10278,37,22,1Fam,WD,346853
ClearCr,2001,2004,3,6,3002,835,2,2,2,0,24545,9,6,Duplex,WD,380191
Crawfor,1917,1928,10,1,3769,2069,0,3,3,1,14874,93,82,1Fam,WD,447498
CollgCr,1968,1996,7,6,781,568,4,1,3,1,14328,42,14,2fmCon,New,314002
BrkSide,1992,1998,1,3,1385,1219,1,2,4,0,22795,18,12,1Fam,WD,187539
CollgCr,1938,1951,9,4,1524,1236,2,2,2,1,20122,72,59,1Fam,WD,326525
IDOTRR,1959,1970,9,9,1222,1081,3,1,4,1,17813,51,40,1Fam,WD,217913
NAmes,1997,1999,5,3,2298,1510,2,1,3,0,21233,13,11,1Fam,WD,308995
Timber,1942,1946,9,1,3903,2211,2,2,4,0,12278,68,64,1Fam,WD,560855
BrkSide,1944,1975,10,3,1735,1468,2,1,3,1,13872,66,35,1Fam,WD,267504
NoRidge,1922,1995,6,7,586,246,1,1,2,1,15146,88,15,1Fam,WD,305542
Mitchel,1968,2010,5,7,1164,622,3,3,5,0,3988,42,0,1Fam,WD,228997
Somerst,1993,2009,3,5,1361,738,2,2,2,0,21677,17,1,1Fam,WD,307831
NAmes,1905,1973,8,1,2222,1759,2,1,3,0,9317,105,37,1Fam,New,295513
NAmes,1955,1999,4,8,2608,1013,2,2,4,0,20721,55,11,Duplex,WD,285635
Mitchel,2009,2010,10,8,3344,1640,2,2,2,0,17883,1,0,TwnhsE,WD,402189
Mitchel,2007,2007,3,2,2642,1727,3,2,3,1,20270,3,3,1Fam,COD,297740
Veenker,1903,1951,6,3,1285,469,3,2,4,1,8896,107,59,1Fam,WD,317597
NoRidge,1992,1992,8,4,2076,1063,2,2,5,1,19725,18,18,1Fam,WD,549040
ClearCr,1922,1939,9,1,3718,2719,2,1,4,0,23250,88,71,1Fam,WD,497774
StoneBr,1905,1913,6,4,3817,1803,2,2,3,1,9564,105,97,1Fam,WD,572223
Gilbert,1931,1992,5,5,2167,838,2,1,3,0,6269,79,18,1Fam,New,293844
Somerst,2005,2005,2,3,3508,1643,2,1,3,1,15486,5,5,2fmCon,WD,436273
IDOTRR,1917,1945,2,2,2844,1835,3,2,3,1,10421,93,65,1Fam,WD,191917
Gilbert,1914,1991,9,6,3694,2929,2,1,4,1,1816,96,19,1Fam,WD,464637
Mitchel,1939,1963,2,8,4226,3311,1,2,2,0,1575,71,47,TwnhsE,WD,365496
NoRidge,1995,2009,2,7,1193,952,2,2,2,1,22953,15,1,1Fam,WD,394466
NAmes,1972,1977,3,1,4275,1534,1,2,3,1,12738,38,33,1Fam,WD,354389
BrkSide,2000,2007,3,4,4027,1225,2,1,5,1,1703,10,3,1Fam,WD,304097
CollgCr,1973,2001,4,3,2946,1966,2,2,3,1,9395,37,9,Twnhs,Oth,376937
Crawfor,1983,1997,7,6,4290,2191,2,3,5,1,8067,27,13,1Fam,ConLD,509742
NWAmes,1905,1997,9,9,3493,2816,2,2,4,0,15546,105,13,1Fam,New,476262
StoneBr,1962,1965,2,9,1754,1248,3,2,4,1,13980,48,45,2fmCon,WD,397161
CollgCr,1966,1983,4,7,1033,904,1,1,4,0,8960,44,27,1Fam,WD,249003
Somerst,2005,2006,9,9,901,214,3,0,4,0,21659,5,4,Duplex,WD,377537
StoneBr,1910,1966,2,8,4163,2324,2,2,4,0,24808,100,44,1Fam,WD,591359
Somerst,1942,1990,10,5,629,259,3,1,3,2,23442,68,20,Twnhs,WD,352019
NridgHt,1916,1959,1,9,2839,951,2,2,1,0,5855,94,51,2fmCon,WD,410267
NridgHt,1995,2001,10,7,775,642,1,2,2,1,20935,15,9,1Fam,WD,493909
NoRidge,1903,1982,8,5,3459,1776,3,2,2,2,4163,107,28,1Fam,COD,605210
IDOTRR,1962,1972,9,8,2358,1466,2,2,1,2,10123,48,38,TwnhsE,WD,239003
CollgCr,1967,1980,7,7,3947,2103,0,2,2,1,21046,43,30,1Fam,WD,469154
IDOTRR,1980,1982,8,9,3473,1157,1,2,4,1,9889,30,28,1Fam,WD,287406
ClearCr,1940,2001,4,1,554,417,2,3,3,0,22962,70,9,2fmCon,New,256042
Veenker,1982,1991,4,9,4149,1917,2,3,3,0,1538,28,19,1Fam,COD,513557
CollgCr,1904,1967,2,7,3286,1266,2,3,4,1,16544,106,43,1Fam,WD,356774
ClearCr,1931,1975,8,1,3597,1694,2,2,3,1,11818,79,35,1Fam,WD,454766
NoRidge,1985,1994,2,1,4012,1863,2,2,2,0,10420,25,16,1Fam,WD,597617
Gilbert,1969,1986,9,5,1264,555,3,2,4,1,21049,41,24,1Fam,WD,333302
Timber,1934,1991,4,8,1720,501,2,1,3,1,22663,76,19,1Fam,WD,352597
Crawfor,1921,1940,1,9,1141,732,2,2,3,1,7686,89,70,2fmCon,WD,202062
Gilbert,1964,1988,4,6,3814,2629,3,0,3,1,13919,46,22,1Fam,WD,439076
StoneBr,1983,2007,3,8,2347,1399,0,1,3,1,20008,27,3,1Fam,WD,467948
NridgHt,1921,1997,6,6,1223,691,2,2,4,0,15757,89,13,Duplex,WD,425764
Mitchel,1910,1977,7,6,1713,749,2,1,2,1,5634,100,33,1Fam,WD,265615
ClearCr,1976,1989,8,4,1301,941,2,3,5,2,24178,34,21,1Fam,WD,368164
NridgHt,2005,2005,2,5,1237,830,0,2,2,0,5271,5,5,Duplex,WD,354857
IDOTRR,1902,1993,6,2,1257,621,1,1,3,0,16811,108,17,1Fam,WD,170424
NridgHt,1908,1959,6,3,2091,1651,2,1,4,1,7038,102,51,1Fam,WD,472224
Gilbert,1959,1995,10,3,3114,1510,4,2,5,0,17681,51,15,1Fam,WD,456726
IDOTRR,1975,1982,5,5,1799,843,2,2,3,0,4757,35,28,1Fam,COD,183963
Timber,1986,1997,10,5,2341,1565,2,3,2,0,7961,24,13,Duplex,WD,507962
StoneBr,1913,2010,10,6,3980,1819,2,3,4,0,15275,97,0,1Fam,Oth,699698
NoRidge,1996,2007,7,5,839,706,2,3,2,0,15243,14,3,1Fam,WD,422738
Veenker,1917,1921,3,6,652,388,0,2,3,1,12898,93,89,TwnhsE,WD,215205
NoRidge,2004,2009,4,8,2088,1156,2,1,4,1,17544,6,1,1Fam,WD,487997
Gilbert,1972,1976,10,2,1921,732,2,2,3,0,23272,38,34,1Fam,WD,360209
NridgHt,1922,1952,9,4,1967,1509,1,2,2,0,16272,88,58,1Fam,WD,500233
CollgCr,1973,1981,4,6,4194,3139,1,2,3,0,9400,37,29,1Fam,WD,474294
IDOTRR,1982,1991,3,5,3551,2729,2,2,4,2,12290,28,19,1Fam,WD,306265
Mitchel,1946,1977,2,1,926,447,3,2,3,0,13005,64,33,1Fam,WD,184848
Crawfor,1968,2000,5,9,3550,2955,3,2,4,2,19128,42,10,1Fam,WD,482408
Veenker,1946,1975,4,3,4058,2792,2,2,3,0,13779,64,35,1Fam,COD,498786
Crawfor,1986,2003,8,2,2751,1510,1,2,2,1,2157,24,7,1Fam,WD,374663
CollgCr,1929,2004,7,9,1635,1459,2,3,3,0,12657,81,6,Twnhs,COD,345281
ClearCr,1924,1952,6,7,2872,2052,1,1,3,0,19583,86,58,1Fam,WD,393677
NoRidge,1927,1929,2,5,3829,2599,2,3,3,0,22340,83,81,1Fam,WD,573012
NAmes,1997,2006,3,6,1449,503,3,2,3,1,23952,13,4,1Fam,ConLD,234973
ClearCr,2008,2008,10,4,4099,2300,2,2,3,0,16025,2,2,1Fam,WD,589573
StoneBr,2010,2010,9,1,3498,2613,4,2,4,0,14116,0,0,1Fam,WD,699405
Somerst,1924,1953,9,4,1873,915,2,2,2,1,7463,86,57,Twnhs,WD,367968
ClearCr,1973,1981,5,9,2530,1890,2,1,4,0,15497,37,29,2fmCon,WD,395844
Mitchel,1977,2002,3,1,3486,2091,2,1,3,0,24119,33,8,1Fam,WD,356031
NWAmes,2005,2006,2,3,1456,1132,3,2,1,1,6035,5,4,1Fam,WD,247412
NWAmes,2009,2010,8,5,2201,1049,1,2,2,1,16080,1,0,1Fam,ConLD,345774
NridgHt,1957,1959,6,7,4384,2614,3,1,3,1,17164,53,51,1Fam,WD,731773
ClearCr,1993,2006,10,9,3441,1483,2,2,3,0,13318,17,4,1Fam,WD,513960
CollgCr,1940,2007,7,6,2982,1859,1,2,2,0,3476,70,3,1Fam,WD,396385
NridgHt,1924,1948,1,3,3997,2847,3,1,2,0,5169,86,62,1Fam,COD,555121
Timber,1977,1989,1,7,1803,620,0,2,2,2,22076,33,21,1Fam,WD,356373
NWAmes,1998,2004,10,4,870,576,3,2,5,1,15787,12,6,1Fam,Oth,310212
NoRidge,1947,1990,2,3,4241,2045,2,1,4,2,2437,63,20,TwnhsE,WD,584567
CollgCr,1997,1999,10,7,3480,1412,3,2,3,0,23480,13,11,TwnhsE,WD,513317
Timber,1909,1963,3,7,2796,1596,2,2,5,1,19173,101,47,1Fam,WD,422733
NridgHt,1998,2004,1,4,3438,1297,2,1,3,0,6170,12,6,1Fam,New,593375
Timber,1974,1982,5,7,2728,1548,2,2,4,1,20034,36,28,1Fam,WD,498772
IDOTRR,1910,1911,3,2,1202,670,1,1,3,1,8921,100,99,Duplex,WD,116816
Mitchel,1984,2005,1,1,3546,2311,3,1,3,0,17314,26,5,Twnhs,WD,338956
IDOTRR,1920,1960,8,2,2174,1449,1,1,2,0,14453,90,50,TwnhsE,WD,213966
CollgCr,1985,1996,6,4,2625,1834,2,1,3,0,3016,25,14,1Fam,WD,383963
NoRidge,1944,2007,9,8,3466,1129,2,1,2,1,15072,66,3,1Fam,New,733258
CollgCr,1906,1936,3,3,3432,2702,2,2,3,0,11774,104,74,1Fam,WD,390447
ClearCr,1980,1991,9,6,2883,1824,1,2,2,0,2904,30,19,1Fam,New,489769
NAmes,1963,2009,9,6,549,97,1,1,3,2,22376,47,1,1Fam,WD,233257
NoRidge,1963,1964,1,9,2632,1908,1,1,4,0,7670,47,46,1Fam,WD,457152
CollgCr,1901,1996,3,9,4266,1622,3,2,3,0,3853,109,14,1Fam,WD,413911
StoneBr,1975,1992,6,4,3242,1744,0,2,4,1,13499,35,18,1Fam,WD,562474
Somerst,1941,2009,8,9,2551,1591,4,2,3,1,12438,69,1,1Fam,WD,472374
NWAmes,1981,2006,4,6,1492,937,1,1,3,0,2080,29,4,TwnhsE,New,282130
CollgCr,1953,1994,5,2,2864,2069,1,2,3,1,21213,57,16,1Fam,WD,381184
Somerst,1974,1983,9,6,1634,903,2,2,4,0,9793,36,27,TwnhsE,ConLD,390589
Somerst,1915,1970,6,2,1857,498,1,1,2,1,6050,95,40,TwnhsE,WD,275344
ClearCr,1917,1959,7,8,2374,1908,2,2,3,0,13980,93,51,1Fam,New,470741
Mitchel,1998,2006,7,4,1262,965,3,2,3,0,20847,12,4,1Fam,WD,283569
NAmes,1958,1991,4,5,3704,2441,0,0,3,1,1798,52,19,1Fam,WD,286302
IDOTRR,1989,1993,4,8,3159,2061,3,2,3,2,5616,21,17,2fmCon,WD,279253
Mitchel,1915,1944,4,8,1504,461,2,2,3,1,17928,95,66,1Fam,WD,230210
Veenker,1905,1975,5,6,3461,2422,1,2,4,2,9147,105,35,TwnhsE,Oth,467899
Gilbert,1956,1961,5,4,4255,1338,1,2,4,1,4043,54,49,1Fam,WD,404173
ClearCr,2007,2008,8,1,3346,1286,3,2,5,0,21743,3,2,1Fam,WD,506869
Timber,2006,2008,9,7,2666,1339,1,2,3,0,6278,4,2,Twnhs,WD,523303
NAmes,1946,1958,2,8,849,215,3,2,3,2,16058,64,52,1Fam,WD,187441
NridgHt,2010,2010,7,9,3464,1270,2,2,1,1,22278,0,0,1Fam,WD,677697
BrkSide,1947,1949,1,2,1186,668,0,1,5,2,21436,63,61,1Fam,WD,140296
CollgCr,1941,1966,1,1,1041,419,2,2,3,0,16883,69,44,1Fam,WD,189197
Gilbert,1975,1998,4,4,3626,1727,3,2,3,0,21039,35,12,1Fam,WD,407276
Gilbert,1959,1964,10,5,860,331,2,2,4,0,18171,51,46,1Fam,WD,302664
NAmes,1976,1987,7,1,3255,1237,2,3,3,0,21589,34,23,1Fam,WD,339151
Gilbert,1903,2002,2,5,4024,2748,3,2,3,0,2016,107,8,2fmCon,WD,377622
Crawfor,2002,2003,2,6,4124,2901,1,1,2,0,3701,8,7,1Fam,WD,432749
NridgHt,1901,1911,1,3,3232,1962,3,3,3,1,8077,109,99,1Fam,WD,509393
CollgCr,1989,1995,10,7,2877,1750,3,2,4,0,14129,21,15,1Fam,ConLD,465696
StoneBr,1958,1991,2,6,2766,1048,2,2,3,0,9602,52,19,1Fam,COD,446989
NWAmes,1926,1943,7,4,2755,1113,3,2,3,1,5158,84,67,1Fam,WD,333948
CollgCr,1926,2010,9,3,2193,906,2,2,2,1,8422,84,0,1Fam,WD,373636
Gilbert,1978,1999,6,5,3392,1890,2,2,3,1,5786,32,11,1Fam,COD,421661
NridgHt,1971,2000,10,3,4311,3039,2,3,3,1,5436,39,10,1Fam,WD,801962
NoRidge,1906,1935,2,9,584,238,2,1,2,1,2490,104,75,Twnhs,WD,220581
NWAmes,1962,1969,10,9,1184,635,2,1,3,1,22855,48,41,1Fam,WD,336532
NridgHt,2010,2010,10,6,744,441,2,2,3,2,9221,0,0,1Fam,Oth,504167
NridgHt,1945,2001,9,6,3419,2468,2,2,4,1,19735,65,9,1Fam,New,830771
NridgHt,1962,2008,7,4,3570,1807,2,3,1,0,9689,48,2,TwnhsE,WD,658073
IDOTRR,2003,2003,1,4,4256,2985,1,1,4,0,4209,7,7,1Fam,ConLD,281613
NWAmes,1911,1930,9,2,1858,1202,2,2,3,1,21891,99,80,2fmCon,Oth,311449
Somerst,1912,1936,2,4,3783,2571,3,1,3,1,20505,98,74,1Fam,WD,455901
Veenker,1942,1960,4,8,1095,545,2,3,5,1,15066,68,50,1Fam,COD,313087
Somerst,1916,1920,9,2,3232,2677,2,2,2,0,3678,94,90,1Fam,COD,441697
Mitchel,1962,1972,4,9,3754,2379,1,0,3,1,2338,48,38,TwnhsE,WD,371161
Gilbert,1980,1994,3,1,1656,1029,2,1,3,1,15188,30,16,1Fam,WD,284962
StoneBr,1935,2006,1,2,3561,1492,1,1,3,1,11247,75,4,1Fam,WD,492201
StoneBr,1984,2002,7,2,3561,2730,1,1,3,1,22818,26,8,1Fam,WD,630071
NoRidge,1907,1993,6,6,4463,2537,2,2,2,2,11125,103,17,1Fam,COD,685645
Gilbert,1968,1994,10,7,2323,881,2,1,3,0,9604,42,16,1Fam,WD,392120
NWAmes,1989,1996,4,3,2297,1216,2,3,3,0,16478,21,14,1Fam,WD,314026
Timber,1979,2010,6,9,849,587,2,2,4,1,8838,31,0,1Fam,COD,354289
NridgHt,1935,1960,6,5,2829,1488,3,2,2,0,2668,75,50,Twnhs,ConLD,544688
NoRidge,1927,1953,4,5,2840,1994,1,1,3,1,16687,83,57,1Fam,WD,479161
IDOTRR,1992,2010,6,4,1792,875,0,3,3,0,2447,18,0,1Fam,COD,212384
Veenker,1946,1995,10,9,2384,533,2,2,2,0,1660,64,15,1Fam,WD,436605
NWAmes,1975,2003,8,8,3768,3058,1,2,3,0,12823,35,7,Duplex,WD,450695
Crawfor,2000,2006,3,4,2060,1638,4,3,2,0,16050,10,4,1Fam,WD,338849
Somerst,1929,1988,4,4,4224,3161,2,1,3,0,4127,81,22,1Fam,WD,499696
Timber,1922,1962,10,2,1483,522,2,1,4,0,17732,88,48,1Fam,WD,391241
NoRidge,1915,1947,1,9,4306,3068,2,2,4,1,20419,95,63,1Fam,WD,619013
Crawfor,1913,1995,4,3,2567,1326,2,2,3,1,20156,97,15,1Fam,WD,333523
Mitchel,1973,2009,10,4,3306,1431,1,2,4,1,21347,37,1,1Fam,COD,410396
Gilbert,1970,1988,10,7,2363,986,3,2,3,1,22688,40,22,1Fam,WD,435421
CollgCr,2008,2008,9,8,2479,1055,2,2,3,0,18044,2,2,2fmCon,WD,449462
NridgHt,1951,1997,8,8,2236,734,1,2,5,1,19668,59,13,TwnhsE,New,620657
IDOTRR,1936,1951,4,4,2952,2619,2,1,3,1,24482,74,59,1Fam,WD,241687
Mitchel,1928,1950,7,7,1638,406,1,2,3,1,21066,82,60,1Fam,WD,256704
Veenker,1966,1972,10,1,2418,1149,0,1,3,1,16380,44,38,TwnhsE,WD,438779
IDOTRR,1914,1939,3,6,1200,481,2,2,4,0,21508,96,71,2fmCon,COD,139748
Crawfor,1999,2010,9,6,3527,1694,2,3,3,1,13436,11,0,1Fam,Oth,498829
Crawfor,1946,1950,10,6,2573,1626,2,2,1,0,19911,64,60,1Fam,WD,406076
NWAmes,1945,1993,4,2,1065,304,1,3,2,0,13698,65,17,TwnhsE,WD,210155
Mitchel,1951,1976,2,8,4253,3110,2,2,2,0,9876,59,34,1Fam,WD,358074
Gilbert,1918,1922,10,5,894,660,1,2,3,0,3396,92,88,Duplex,New,272372
NoRidge,1976,1997,5,5,2456,1389,2,2,4,1,12987,34,13,1Fam,WD,513985
Somerst,2005,2009,2,2,3548,2168,2,3,3,2,3904,5,1,1Fam,WD,466091
BrkSide,1920,1947,10,4,3952,3186,2,3,2,0,20423,90,63,1Fam,WD,374697
Timber,1963,1995,6,9,1022,759,3,2,4,0,18616,47,15,1Fam,WD,378647
Somerst,1936,1958,10,9,2062,1201,3,1,3,0,11313,74,52,1Fam,New,466124
ClearCr,1926,1943,1,6,3409,1848,4,1,3,1,2077,84,67,TwnhsE,WD,380369
ClearCr,1954,2003,6,9,1606,1052,4,1,3,0,20045,56,7,1Fam,New,427031
Crawfor,1928,1957,4,4,3349,2089,3,3,4,2,10069,82,53,1Fam,WD,411402
BrkSide,1919,1944,3,1,1049,723,4,2,3,1,21732,91,66,1Fam,WD,153687
Timber,1924,1939,2,2,1968,1050,3,2,2,1,19192,86,71,1Fam,WD,337166
NoRidge,1969,1981,7,1,2634,1435,2,2,3,1,13884,41,29,1Fam,WD,547265
StoneBr,1962,2000,9,8,1332,1069,1,2,4,1,2341,48,10,TwnhsE,WD,472131
NAmes,1935,1967,3,9,886,652,0,1,3,1,20055,75,43,1Fam,New,224095
Gilbert,1901,1926,6,6,1462,708,3,1,2,1,7753,109,84,1Fam,WD,256567
Veenker,1921,1968,9,2,3215,1811,2,2,2,1,13840,89,42,Twnhs,COD,500343
Mitchel,1995,1995,2,6,1921,1320,3,2,3,1,12327,15,15,1Fam,WD,272510
NAmes,1915,1952,7,9,4391,3812,2,1,3,1,21269,95,58,TwnhsE,WD,413109
NAmes,1917,1918,5,3,785,400,2,2,3,2,6321,93,92,TwnhsE,WD,175840
BrkSide,1968,1973,5,9,3245,1371,2,2,4,2,23697,42,37,1Fam,New,349706
Timber,1953,1998,7,2,4265,1573,3,2,5,1,19297,57,12,1Fam,WD,599497
NWAmes,1999,2000,9,5,3512,1137,1,1,2,0,1544,11,10,Twnhs,WD,400444
CollgCr,1929,1966,4,2,868,351,3,2,3,0,19570,81,44,1Fam,WD,201573
NAmes,1944,1961,9,7,3202,1801,3,2,1,1,6736,66,49,1Fam,WD,351872
NWAmes,1918,1944,10,9,1945,760,2,2,4,0,8125,92,66,1Fam,WD,335156
Mitchel,1986,1994,9,7,2241,1387,2,2,3,0,20609,24,16,1Fam,WD,358483
Gilbert,1933,2004,4,5,3201,2189,0,2,2,0,9509,77,6,2fmCon,WD,348274
StoneBr,1912,2003,3,4,3244,1410,0,3,4,1,5514,98,7,TwnhsE,WD,482266
CollgCr,1942,1958,2,4,1966,1022,2,1,4,1,7280,68,52,TwnhsE,WD,258084
IDOTRR,1961,1989,9,8,2276,2065,1,0,2,0,6095,49,21,TwnhsE,New,255300
BrkSide,1992,1997,2,1,2043,963,1,2,2,0,9765,18,13,1Fam,WD,201832
NridgHt,1999,2004,6,5,3571,2765,3,2,3,1,20902,11,6,1Fam,WD,710515
StoneBr,1921,1926,5,2,4155,2421,2,2,3,2,7792,89,84,1Fam,WD,595309
NoRidge,1951,1976,5,9,1414,1116,2,2,4,0,3060,59,34,1Fam,New,466765
NWAmes,1951,1989,4,7,787,592,1,1,3,0,12824,59,21,Duplex,WD,189058
Mitchel,2010,2010,6,8,594,444,3,1,3,1,13494,0,0,1Fam,WD,263229
Timber,1935,1946,5,6,3216,2654,3,2,4,1,18356,75,64,TwnhsE,COD,520191
CollgCr,1972,2006,4,9,2588,2296,2,2,3,1,23319,38,4,1Fam,ConLD,372763
NAmes,2002,2007,9,6,830,714,3,2,3,1,3717,8,3,Duplex,COD,274603
NWAmes,1918,1968,6,7,2336,1012,3,2,3,1,11771,92,42,1Fam,Oth,310897
CollgCr,1937,1959,10,7,2304,1279,2,3,4,0,17936,73,51,1Fam,New,444724
Crawfor,1969,1975,10,9,1678,1404,2,2,3,0,4487,41,35,1Fam,WD,378742
CollgCr,2010,2010,10,8,3051,1913,1,2,3,1,9830,0,0,1Fam,WD,482386
Veenker,1978,2002,3,1,774,260,2,2,2,1,20021,32,8,1Fam,ConLD,255676
Crawfor,1956,1968,10,4,4237,1392,1,1,4,1,2327,54,42,TwnhsE,New,494625
Gilbert,1919,2003,6,7,2088,1545,0,2,3,2,11775,91,7,1Fam,WD,329018
NAmes,1908,1917,1,8,2726,1331,1,3,3,1,16851,102,93,1Fam,WD,252413
Gilbert,1931,1985,5,7,2456,1377,3,3,5,1,17815,79,25,1Fam,WD,360102
NWAmes,1903,1911,10,3,2275,1390,2,1,4,0,19132,107,99,1Fam,ConLD,313925
StoneBr,1949,1963,6,4,2684,1672,4,1,5,0,6335,61,47,1Fam,WD,533528
CollgCr,1981,2000,8,7,1266,300,2,2,2,1,14697,29,10,1Fam,WD,333380
NridgHt,1904,1905,9,8,1487,374,2,2,4,0,9877,106,105,1Fam,WD,436158
Timber,1919,1943,3,7,2259,760,2,2,3,0,4942,91,67,2fmCon,Oth,349673
NWAmes,1986,1998,2,6,1703,801,2,2,1,2,8902,24,12,1Fam,WD,256918
IDOTRR,1974,2007,4,9,3753,2497,4,3,3,1,4693,36,3,1Fam,WD,312149
NoRidge,1936,1986,8,9,3830,2216,3,2,3,0,6428,74,24,1Fam,WD,696458
ClearCr,1921,1978,8,7,2790,1180,0,2,2,1,11104,89,32,1Fam,WD,391074
Mitchel,1957,1990,3,8,1619,723,3,1,3,0,16761,53,20,Duplex,WD,223660
Timber,1967,2001,4,6,696,42,2,1,4,0,15277,43,9,1Fam,WD,273080
CollgCr,1992,1997,3,1,4475,3843,1,2,3,1,9096,18,13,1Fam,WD,478510
NWAmes,1943,1945,10,1,1025,569,2,1,3,1,20800,67,65,1Fam,WD,254698
Crawfor,1933,1991,2,6,1131,963,2,2,3,0,6037,77,19,TwnhsE,WD,228715
StoneBr,1976,1981,4,2,1910,1392,2,3,4,0,24935,34,29,1Fam,WD,454932
Somerst,1941,1988,6,8,907,404,3,1,2,0,15432,69,22,1Fam,ConLD,270198
Mitchel,1908,1971,5,1,1792,1255,1,2,3,2,7145,102,39,1Fam,WD,256355
CollgCr,2005,2005,3,2,1694,935,2,2,3,1,5761,5,5,1Fam,WD,285873
NridgHt,1994,1996,2,8,2448,1790,0,1,4,0,3435,16,14,1Fam,WD,460101
NWAmes,1906,1987,9,6,4155,1792,4,2,2,0,6038,104,23,Twnhs,WD,454469
NridgHt,1967,2005,1,2,1190,700,3,2,3,1,5926,43,5,1Fam,WD,340945
NWAmes,1918,1990,9,2,2717,687,1,2,3,1,2858,92,20,TwnhsE,WD,346361
Timber,2005,2008,1,7,658,674,2,2,4,1,14923,5,2,1Fam,WD,252672
IDOTRR,1993,2004,7,5,4080,1304,1,3,3,0,3269,17,6,1Fam,WD,304659
Somerst,1930,1934,6,5,2994,2300,3,2,3,2,15225,80,76,Twnhs,WD,453211
Somerst,1934,2000,7,8,2189,1221,1,1,2,0,19076,76,10,1Fam,COD,399775
StoneBr,1956,1966,3,7,2437,1366,3,2,5,0,4316,54,44,1Fam,WD,453786
Veenker,1984,2008,3,9,1517,1085,3,2,3,0,7767,26,2,TwnhsE,WD,343072
NAmes,1960,1989,1,4,3653,1793,2,2,3,1,24909,50,21,TwnhsE,WD,316022
IDOTRR,1930,1997,4,4,1580,862,2,2,3,2,6356,80,13,Duplex,WD,189772
Somerst,1982,1986,2,2,4090,3321,2,1,3,1,23101,28,24,TwnhsE,WD,484118
ClearCr,1994,1994,10,3,611,88,2,2,3,1,16919,16,16,1Fam,WD,333795
NWAmes,1952,1978,8,1,547,506,2,2,3,0,18926,58,32,1Fam,COD,227129
NAmes,1931,1993,3,1,4163,2546,2,2,5,0,23127,79,17,1Fam,WD,356339
Crawfor,1965,1993,7,7,2410,1506,2,3,3,1,9917,45,17,Twnhs,WD,385461
Somerst,1958,1975,7,5,875,414,2,3,4,1,11670,52,35,1Fam,WD,316373
ClearCr,1909,1920,9,3,1327,538,3,2,2,1,8255,101,90,1Fam,WD,310586
Gilbert,1901,1977,6,7,2580,2037,1,2,4,0,24351,109,33,1Fam,WD,366203
NridgHt,1965,2005,1,2,3051,1433,2,2,3,0,5477,45,5,1Fam,WD,479994
Crawfor,1959,1960,8,3,1126,595,3,2,3,0,13523,51,50,1Fam,WD,291898
Somerst,1987,1991,1,1,2419,779,1,3,3,2,3383,23,19,1Fam,New,362020
Mitchel,1916,1960,3,8,1526,559,2,2,4,1,2040,94,50,1Fam,WD,228473
NoRidge,1995,2010,5,2,4057,2686,3,2,4,0,10337,15,0,1Fam,WD,676698
Crawfor,1915,1962,8,7,4087,2939,2,2,3,0,22969,95,48,1Fam,WD,497291
CollgCr,1915,1938,9,9,2391,1309,0,2,3,0,22685,95,72,1Fam,WD,362068
Gilbert,1945,1966,7,6,4343,1635,1,2,2,1,6226,65,44,1Fam,WD,453430
NridgHt,1938,1948,9,2,2589,911,2,2,3,1,24906,72,62,1Fam,ConLD,580192
Crawfor,1930,1987,3,2,2556,1303,2,1,3,2,17786,80,23,1Fam,WD,313887
Crawfor,2006,2010,5,9,3547,1985,4,1,3,1,19572,4,0,1Fam,WD,483115
Crawfor,1987,1989,10,8,1318,878,2,2,3,0,10546,23,21,1Fam,WD,349971
Crawfor,1900,1914,8,9,1156,887,2,2,3,1,8134,110,96,1Fam,WD,277974
Gilbert,1910,1969,1,4,4484,1728,3,1,4,1,1904,100,41,Twnhs,WD,384738
Mitchel,1984,1993,8,4,4180,3229,2,2,3,0,21227,26,17,2fmCon,WD,442552
Timber,1903,2007,7,2,2311,1151,2,2,4,1,9311,107,3,TwnhsE,WD,398739
Mitchel,1970,1985,1,1,3713,2657,2,3,1,1,8518,40,25,1Fam,WD,338559
CollgCr,1925,1998,10,4,1289,285,1,1,4,1,12632,85,12,1Fam,WD,301827
NridgHt,2010,2010,10,8,1959,1211,4,1,2,1,2907,0,0,1Fam,COD,595610
NridgHt,1949,1997,6,2,3598,1730,2,2,4,1,10512,61,13,1Fam,WD,636265
Somerst,1911,1974,1,8,3614,1964,3,1,3,1,8530,99,36,1Fam,New,480417
Mitchel,1994,1995,2,1,1654,229,2,3,3,0,13366,16,15,1Fam,WD,236289
NWAmes,1980,2003,5,1,3787,1182,3,0,3,0,22414,30,7,1Fam,WD,372417
Mitchel,1996,2002,2,4,2129,770,1,2,2,0,9428,14,8,1Fam,WD,249741
CollgCr,1974,1975,10,7,2043,1011,4,3,3,1,13527,36,35,1Fam,New,460177
ClearCr,1991,1996,1,9,3145,873,3,2,3,0,21951,19,14,Duplex,COD,383883
StoneBr,1995,2009,6,5,3916,2732,2,1,4,1,7706,15,1,1Fam,WD,674490
Somerst,1964,2003,8,2,4079,1488,3,2,3,1,20065,46,7,1Fam,New,628699
ClearCr,1946,1971,8,7,2173,1673,3,2,3,0,4732,64,39,TwnhsE,WD,394648
NoRidge,1991,1993,8,2,2404,956,3,1,3,1,17117,19,17,1Fam,WD,567827
Timber,1952,2009,6,9,1936,1663,2,2,3,0,19435,58,1,1Fam,WD,447672
Crawfor,2005,2010,3,9,1435,846,2,2,3,0,1857,5,0,1Fam,WD,279476
NWAmes,1970,1994,1,3,3817,1933,3,3,4,0,13138,40,16,1Fam,WD,366432
IDOTRR,1901,1948,2,8,4020,2478,3,1,3,2,19478,109,62,1Fam,WD,268915
BrkSide,2005,2005,5,4,3559,982,2,1,2,1,23012,5,5,2fmCon,WD,317097
Gilbert,1923,1975,10,3,520,384,3,2,3,0,10725,87,35,1Fam,WD,265029
ClearCr,1903,1969,5,1,1498,1107,0,2,3,2,18232,107,41,TwnhsE,WD,263856
Gilbert,2007,2008,10,5,1931,956,3,2,3,1,17263,3,2,1Fam,WD,395672
Mitchel,1918,2007,1,4,956,485,2,2,3,0,3158,92,3,1Fam,WD,139657
NoRidge,1925,1942,1,1,1967,822,2,2,5,0,14815,85,68,Twnhs,WD,323768
ClearCr,1974,1982,9,8,2527,1310,2,1,3,0,19703,36,28,1Fam,ConLD,424024
NAmes,1939,1976,2,8,3561,2224,2,2,3,1,24355,71,34,TwnhsE,COD,321919
Somerst,1949,1971,7,8,4493,2730,2,1,1,1,7381,61,39,1Fam,WD,561690
Crawfor,1942,1962,10,3,764,297,2,1,4,0,8155,68,48,1Fam,WD,263628
Crawfor,1974,1974,4,6,4231,1776,2,1,4,0,10622,36,36,1Fam,WD,438085
StoneBr,2008,2008,7,7,2731,1381,1,1,2,0,21892,2,2,1Fam,WD,572394
Somerst,1966,1992,8,9,2774,1077,3,2,4,0,7543,44,18,TwnhsE,WD,484051
Somerst,1911,1980,5,5,4375,3529,2,2,3,1,18367,99,30,1Fam,ConLD,537184
NridgHt,1966,2009,1,9,4119,1876,2,1,3,0,5412,44,1,1Fam,ConLD,599101
NridgHt,2005,2008,4,6,3817,2368,2,3,4,1,1857,5,2,1Fam,New,709615
NAmes,1926,1953,10,4,2546,1122,3,2,4,2,14172,84,57,1Fam,WD,353691
Veenker,1953,1997,3,1,3644,1266,2,1,4,0,10526,57,13,1Fam,WD,444713
CollgCr,1965,1981,10,1,3721,2761,0,1,4,0,2690,45,29,1Fam,WD,459871
Veenker,1948,2010,5,5,4084,2185,3,2,5,0,6064,62,0,Twnhs,WD,555602
BrkSide,1915,1954,10,3,3640,2063,4,3,2,1,23863,95,56,1Fam,WD,365523
Timber,1901,1903,10,5,1468,807,2,2,3,1,10184,109,107,1Fam,WD,378303
ClearCr,1959,1970,6,5,1304,974,4,3,3,1,4909,51,40,1Fam,WD,336866
NAmes,1953,1991,2,1,1753,713,2,2,4,1,12819,57,19,Duplex,WD,225153
NAmes,1929,2004,7,8,1222,563,2,2,3,0,9743,81,6,1Fam,WD,224994
StoneBr,1983,1984,3,5,1595,1034,2,2,2,0,3408,27,26,1Fam,WD,375601
Mitchel,1937,1982,1,5,1501,392,2,2,4,0,5146,73,28,1Fam,WD,189452
ClearCr,1927,1956,10,9,3422,1992,2,2,5,1,15332,83,54,1Fam,WD,492093
CollgCr,1924,1992,3,8,4179,1378,1,2,3,0,20261,86,18,1Fam,WD,426610
NoRidge,1995,2003,9,1,3968,1691,0,1,3,1,13086,15,7,1Fam,WD,671840
NoRidge,1909,1993,10,3,583,310,2,2,1,1,22220,101,17,1Fam,WD,380541
NWAmes,1959,1969,6,7,1239,862,2,2,3,0,6904,51,41,1Fam,WD,250660
CollgCr,1941,2009,6,1,3870,2952,2,2,3,1,23842,69,1,Duplex,Oth,473350
ClearCr,1939,2004,4,1,4319,1768,2,2,4,2,3125,71,6,1Fam,WD,466776
NWAmes,1996,2003,8,5,3864,2083,4,2,2,0,6918,14,7,TwnhsE,COD,468296
NWAmes,1976,2006,5,9,2257,1103,2,2,3,0,5886,34,4,1Fam,WD,330707
StoneBr,2004,2004,7,6,2493,871,2,2,3,0,7854,6,6,2fmCon,WD,526633
Crawfor,1941,1979,9,2,722,535,1,2,3,1,2889,69,31,1Fam,WD,265080
NoRidge,1946,1991,5,9,3340,2645,2,2,3,0,23793,64,19,1Fam,WD,631380
NWAmes,1936,1972,5,6,3280,2767,0,2,4,2,19371,74,38,Duplex,WD,373081
Gilbert,1979,1997,4,5,3787,1015,2,3,4,1,16157,31,13,1Fam,WD,412142
IDOTRR,2008,2010,6,5,3802,1956,3,2,3,1,24385,2,0,1Fam,New,348140
NridgHt,1921,1931,2,3,2952,2223,1,1,4,0,10608,89,79,1Fam,WD,466051
NridgHt,1956,1978,3,6,1692,1318,2,1,3,1,11833,54,32,2fmCon,WD,417061
Veenker,1983,2007,1,4,828,482,0,2,3,0,18594,27,3,1Fam,WD,242550
Timber,2006,2007,2,2,925,0,3,2,2,0,19770,4,3,1Fam,WD,281254
Timber,1926,1952,2,3,2077,1093,3,2,3,2,3716,84,58,1Fam,WD,348938
BrkSide,1940,1941,8,9,1269,290,1,2,2,0,19204,70,69,TwnhsE,WD,218186
Timber,1979,1985,8,9,1719,866,2,2,3,2,17804,31,25,1Fam,WD,461087
Veenker,1933,1953,2,6,4475,2638,4,2,3,1,15933,77,57,2fmCon,WD,523178
NWAmes,1931,1988,6,9,1107,564,2,2,3,2,5945,79,22,1Fam,ConLD,271975
ClearCr,1989,1993,5,4,2352,1020,2,2,2,1,6331,21,17,1Fam,WD,360818
Mitchel,1988,2007,3,5,3073,1412,2,1,3,1,12318,22,3,1Fam,WD,316373
NridgHt,1965,2009,5,6,3172,2161,2,2,3,0,8484,45,1,1Fam,WD,595496
CollgCr,1911,1995,5,9,2624,1644,4,1,3,1,10092,99,15,1Fam,WD,367881
NridgHt,1939,1958,5,5,2546,1921,4,2,3,1,2250,71,52,1Fam,ConLD,556479
NridgHt,1972,2009,3,8,1800,746,3,2,4,1,15262,38,1,1Fam,WD,467706
BrkSide,1975,1994,3,1,1419,757,2,2,1,0,7094,35,16,1Fam,New,200648
NoRidge,1989,2006,4,5,3493,3060,2,1,3,0,15230,21,4,1Fam,WD,595652
CollgCr,1972,1996,7,1,965,788,2,2,2,0,8671,38,14,1Fam,WD,292121
ClearCr,1909,1910,2,6,2464,1105,4,3,2,0,19771,101,100,2fmCon,WD,308656
Somerst,1995,2003,10,7,1971,1361,2,2,5,0,21569,15,7,1Fam,COD,465147
NAmes,1997,2006,4,5,3891,1268,2,2,3,1,19302,13,4,1Fam,New,387047
NridgHt,1947,1952,4,1,2445,833,0,2,3,0,20487,63,58,Twnhs,WD,438685
Gilbert,1919,1959,1,6,1683,657,2,2,4,0,21655,91,51,1Fam,WD,248417
IDOTRR,1938,2004,10,5,3039,1436,4,2,2,2,22984,72,6,TwnhsE,WD,296485
Crawfor,1959,1991,8,6,2860,2021,2,2,3,0,14802,51,19,1Fam,WD,412105
BrkSide,1965,1965,1,7,2154,1428,1,2,4,1,11710,45,45,1Fam,WD,212665
NridgHt,1964,1968,8,7,2539,2416,0,2,4,1,11337,46,42,1Fam,WD,610298
ClearCr,1950,1962,7,2,1684,1103,2,2,3,1,4987,60,48,1Fam,WD,324461
Timber,1935,1953,9,3,2855,1393,3,1,3,1,10505,75,57,1Fam,WD,481728
NWAmes,1923,1934,8,6,4434,3210,4,2,4,1,23794,87,76,1Fam,New,545742
IDOTRR,1926,1973,5,3,3717,3000,3,1,3,0,24192,84,37,2fmCon,COD,288227
Timber,1901,1925,8,2,2198,1413,2,2,2,1,22617,109,85,1Fam,WD,400281
Gilbert,1930,1986,10,4,3967,2938,2,0,3,1,17205,80,24,1Fam,New,533831
StoneBr,1956,2006,3,5,3238,2783,2,2,3,0,4669,54,4,1Fam,WD,521510
Crawfor,1977,1988,10,9,2636,1138,2,2,2,0,2523,33,22,2fmCon,ConLD,417489
CollgCr,1965,1994,7,3,3282,2144,2,2,3,1,11201,45,16,1Fam,WD,425411
IDOTRR,1928,1932,4,3,1277,1070,2,0,4,1,16166,82,78,1Fam,WD,187270
Crawfor,1914,1935,5,6,3298,2650,2,2,3,0,19277,96,75,Duplex,WD,401707
Somerst,1911,1987,9,5,3879,1522,1,2,2,2,17301,99,23,Twnhs,COD,516615
NoRidge,2000,2008,7,6,4117,2556,2,2,3,1,6739,10,2,1Fam,New,762635
StoneBr,1927,1973,4,7,2918,1885,3,2,3,2,17712,83,37,TwnhsE,WD,530219
Timber,1983,2004,6,3,2998,1349,3,3,2,2,20230,27,6,1Fam,WD,515321
Timber,2002,2004,10,5,666,443,2,1,2,1,2355,8,6,TwnhsE,WD,375170
NAmes,1923,1975,7,8,2939,1137,0,2,3,1,10858,87,35,1Fam,New,309344
Crawfor,1920,2003,10,4,4208,2179,3,2,2,1,20638,90,7,TwnhsE,WD,524434
CollgCr,1909,1939,9,2,1235,754,2,3,4,1,19549,101,71,2fmCon,WD,331821
NoRidge,2009,2009,4,4,3038,1497,2,1,3,1,5538,1,1,1Fam,WD,530854
NAmes,1977,2000,10,2,1424,820,2,2,3,0,11664,33,10,1Fam,WD,285762
NWAmes,2000,2007,3,3,1673,839,2,1,3,0,21571,10,3,1Fam,WD,255025
NridgHt,1917,1949,8,4,1991,1088,2,2,3,0,19000,93,61,1Fam,ConLD,498230
NWAmes,1987,1994,1,4,2489,747,3,1,2,1,13060,23,16,1Fam,WD,284316
CollgCr,1913,2000,9,9,4272,1339,1,2,3,1,22426,97,10,Twnhs,WD,523258
NoRidge,1933,1982,1,6,1566,692,1,1,3,1,2233,77,28,1Fam,Oth,326979
ClearCr,1957,1976,2,9,1444,903,0,2,2,1,4421,53,34,1Fam,WD,235369
CollgCr,1975,1990,8,4,528,501,2,2,3,1,13021,35,20,1Fam,WD,287645
StoneBr,1921,1996,9,9,2397,714,1,3,2,0,14309,89,14,1Fam,WD,533688
BrkSide,1969,1981,7,9,2155,1022,2,2,2,0,11398,41,29,1Fam,WD,276591
NAmes,1935,1973,3,6,2372,1767,0,2,3,1,15186,75,37,1Fam,WD,256880
Gilbert,1944,1989,7,5,1554,930,2,1,4,2,4998,66,21,TwnhsE,COD,307461
CollgCr,1935,1981,6,3,3240,2798,2,1,4,1,10816,75,29,Duplex,WD,407525
ClearCr,1921,1964,2,5,2197,1520,0,2,3,0,6217,89,46,2fmCon,WD,284225
Gilbert,1977,1985,3,3,2675,1090,2,2,4,0,6354,33,25,2fmCon,WD,317672
CollgCr,1979,1986,10,5,3314,1437,2,2,2,1,3358,31,24,1Fam,WD,473325
NridgHt,1960,2009,10,5,3865,2511,1,1,2,1,11983,50,1,1Fam,WD,730621
CollgCr,1999,2005,5,2,2988,1234,2,2,3,1,15858,11,5,1Fam,WD,406204
Mitchel,1955,2004,10,9,3416,1152,4,2,3,0,23357,55,6,1Fam,New,454777
ClearCr,1988,2000,4,7,1911,335,3,3,3,0,4013,22,10,1Fam,WD,343667
NridgHt,1995,2006,2,6,2289,1630,0,2,2,2,17084,15,4,1Fam,WD,468272
Mitchel,1932,1946,4,5,2165,1218,3,2,2,0,6460,78,64,1Fam,WD,287992
Timber,1944,1979,8,4,1023,275,2,2,3,0,5015,66,31,1Fam,WD,333798
Timber,1935,1997,5,8,2070,1467,1,1,4,1,20200,75,13,1Fam,WD,409360
StoneBr,1919,1987,5,2,2233,1321,2,2,3,2,12272,91,23,1Fam,WD,452534
Somerst,1917,2002,10,8,1259,879,2,2,2,1,19898,93,8,1Fam,COD,362005
NWAmes,1937,1977,3,1,2657,1176,2,1,3,1,16149,73,33,1Fam,WD,296424
CollgCr,1966,1975,8,1,1851,846,2,1,3,0,3667,44,35,TwnhsE,WD,328086
Timber,1922,1945,6,3,3976,3282,2,1,3,0,20912,88,65,1Fam,New,633608
NAmes,1995,1996,2,5,1768,947,2,3,3,0,5731,15,14,1Fam,WD,223677
NAmes,2008,2008,2,6,2285,1098,2,1,4,1,21032,2,2,1Fam,WD,267264
NAmes,1915,1932,9,4,4449,1984,2,2,4,0,9021,95,78,Twnhs,WD,396833
Timber,1958,1964,7,7,2352,1081,2,2,3,1,12849,52,46,1Fam,ConLD,447695
ClearCr,1968,1971,10,7,2710,1439,4,2,3,0,1500,42,39,1Fam,COD,460720
IDOTRR,1967,1992,9,2,3107,1972,3,2,3,1,9768,43,18,1Fam,WD,299883
Mitchel,1920,1988,6,2,898,684,4,3,2,1,9111,90,22,1Fam,WD,243759
NridgHt,2003,2006,5,2,3130,1281,2,1,4,1,20512,7,4,1Fam,WD,602919
NridgHt,1977,1992,1,2,2946,1955,2,2,3,0,24018,33,18,Duplex,WD,526846
CollgCr,2002,2004,6,9,4064,2649,2,2,1,1,11887,8,6,1Fam,WD,504797
BrkSide,1994,2007,6,5,2169,1026,2,3,3,0,18457,16,3,1Fam,WD,269234
CollgCr,1977,1991,3,8,738,462,2,2,3,1,3048,33,19,1Fam,New,254158
CollgCr,1969,2001,3,5,4036,1516,3,0,5,1,15488,41,9,1Fam,WD,430624
NoRidge,1911,1935,3,5,2103,1013,2,2,4,0,15997,99,75,TwnhsE,WD,395854
Gilbert,1915,1935,3,1,4361,2145,2,1,2,1,7545,95,75,TwnhsE,New,434860
Mitchel,1980,1996,7,6,3603,2738,3,1,4,1,21376,30,14,1Fam,WD,442319
Somerst,2008,2010,10,4,1646,1373,3,2,3,1,9339,2,0,1Fam,WD,458609
Mitchel,1986,2010,2,3,2057,841,2,2,2,1,7189,24,0,TwnhsE,COD,254353
IDOTRR,1913,1993,10,6,4238,1572,2,2,3,0,19780,97,17,1Fam,WD,320926
Timber,1960,1973,10,2,2657,2195,1,2,3,0,20339,50,37,1Fam,WD,543583
CollgCr,1970,1998,2,8,1794,1081,2,2,2,0,11492,40,12,TwnhsE,WD,280755
Veenker,1945,1964,3,1,3951,3153,0,2,3,2,6916,65,46,1Fam,WD,494268
Mitchel,1931,1960,10,9,799,0,0,2,3,0,11775,79,50,1Fam,WD,238367
Crawfor,1914,1932,7,8,4198,2491,2,2,2,1,6883,96,78,1Fam,WD,448434
Gilbert,1943,1995,3,1,4303,2410,2,1,3,1,2905,67,15,TwnhsE,WD,387933
Mitchel,1916,1971,7,9,3549,2919,2,1,3,1,15949,94,39,1Fam,WD,405642
Somerst,1940,1962,9,2,2265,779,3,2,2,0,12344,70,48,1Fam,WD,395568
BrkSide,1953,1998,10,3,1263,550,1,2,4,0,17460,57,12,2fmCon,WD,220776
CollgCr,2010,2010,4,2,748,165,2,2,1,0,6038,0,0,Duplex,WD,229715
StoneBr,1943,1975,7,8,3068,2533,2,2,2,0,19070,67,35,1Fam,WD,598569
Gilbert,1997,2003,9,2,533,529,1,1,2,0,3639,13,7,1Fam,WD,259192
Mitchel,1904,2007,8,2,727,698,2,1,3,0,4178,106,3,1Fam,Oth,211987
Veenker,2008,2009,8,1,1084,775,2,1,3,1,5294,2,1,1Fam,WD,349211
NAmes,1926,1998,9,7,3970,1087,2,2,3,0,20603,84,12,1Fam,WD,384737
BrkSide,1986,1986,5,2,3505,1177,3,2,3,0,15936,24,24,Duplex,WD,324673
Veenker,2003,2010,5,5,3360,1176,2,2,4,0,6102,7,0,1Fam,WD,471001
IDOTRR,1977,1993,3,5,1223,666,4,2,2,0,11918,33,17,1Fam,WD,181598
StoneBr,1978,1996,5,3,3131,2044,2,3,3,0,13715,32,14,1Fam,WD,559871
Timber,1942,1975,8,3,1069,772,1,3,2,0,5950,68,35,1Fam,WD,329561
StoneBr,1996,1999,5,3,719,559,2,2,1,1,13060,14,11,1Fam,WD,366530
NAmes,1930,1954,4,6,1894,1279,1,2,3,0,21841,80,56,2fmCon,WD,210371
Gilbert,1998,2001,8,4,3334,2707,2,2,2,2,15346,12,9,1Fam,WD,488561
StoneBr,1916,1989,7,3,4332,2702,2,3,3,0,7569,94,21,1Fam,WD,654678
ClearCr,1991,2000,6,2,3075,747,2,2,4,2,10179,19,10,1Fam,COD,404406
Crawfor,1982,2005,5,3,2622,1324,1,3,2,1,14793,28,5,1Fam,WD,364965
NoRidge,2009,2009,5,4,2141,1024,2,2,4,1,1778,1,1,1Fam,WD,487665
NAmes,1953,1963,10,6,635,520,1,2,3,2,4091,57,47,1Fam,WD,224064
Mitchel,1961,1987,2,4,2621,1549,2,2,3,0,1854,49,23,1Fam,WD,279970
CollgCr,1986,2001,4,8,753,103,3,1,3,0,17178,24,9,1Fam,WD,241503
IDOTRR,1931,1991,8,3,3589,3188,4,2,3,0,20126,79,19,1Fam,WD,326624
ClearCr,1939,1945,8,3,2454,1409,1,3,2,0,6399,71,65,1Fam,WD,387455
IDOTRR,1912,1927,1,3,3569,2182,2,1,4,0,7736,98,83,1Fam,WD,204182
Gilbert,1983,1985,2,8,3614,2826,2,2,3,1,20364,27,25,1Fam,WD,426640
Gilbert,1934,1949,5,4,549,193,3,2,4,0,2057,76,61,1Fam,WD,209457
StoneBr,1904,1943,9,1,1014,336,2,2,4,0,14838,106,67,TwnhsE,ConLD,389005
NAmes,1972,1983,10,2,3291,2608,1,3,2,0,4986,38,27,1Fam,WD,374734
ClearCr,1928,1962,7,2,3278,1375,2,2,2,1,18045,82,48,1Fam,WD,415312
StoneBr,1969,1989,10,3,3118,2299,2,2,2,2,24128,41,21,1Fam,WD,681691
NridgHt,1924,1973,5,6,4367,2038,2,2,4,1,18582,86,37,1Fam,WD,681988
CollgCr,1994,2004,1,8,2337,825,3,2,4,0,11665,16,6,TwnhsE,WD,346991
CollgCr,1921,1937,6,1,1075,761,1,2,3,0,5044,89,73,1Fam,WD,238670
NWAmes,1965,1996,8,9,4153,1726,4,2,2,1,21661,45,14,1Fam,WD,476249
NAmes,1944,1984,7,1,3874,2714,1,1,2,0,3705,66,26,1Fam,WD,341251
NridgHt,1968,1973,2,2,1665,1034,4,2,4,2,18375,42,37,1Fam,WD,427493
NWAmes,1990,2009,5,3,1402,1136,3,2,4,0,19876,20,1,1Fam,WD,299930
StoneBr,1988,1989,4,7,2749,2045,2,2,2,0,18916,22,21,1Fam,WD,519602
NAmes,1971,1979,9,9,2754,1077,2,2,1,2,21167,39,31,1Fam,WD,345131
Mitchel,1900,1991,10,3,914,679,1,2,3,2,23900,110,19,2fmCon,Oth,235891
CollgCr,1983,2003,1,8,2768,1579,0,1,2,1,6419,27,7,1Fam,WD,310105
NWAmes,1943,2003,6,9,3933,2727,1,3,4,0,14466,67,7,1Fam,WD,425811
Veenker,1986,1991,3,7,3305,2531,1,2,3,1,23858,24,19,1Fam,WD,480348
CollgCr,1995,1997,9,4,1604,1137,2,1,3,0,19717,15,13,2fmCon,New,403775
Mitchel,1974,1993,5,4,1262,702,2,2,3,0,2491,36,17,1Fam,ConLD,240674
ClearCr,1938,2007,6,4,1062,429,3,3,3,0,13898,72,3,1Fam,WD,311494
Somerst,2010,2010,9,6,3856,1734,2,2,3,1,24868,0,0,1Fam,WD,600243
CollgCr,1953,1991,9,4,2916,1137,2,2,4,1,24230,57,19,1Fam,WD,450853
Mitchel,1987,1987,8,5,2015,1399,2,1,3,0,19667,23,23,1Fam,WD,316271
Somerst,1974,1974,9,9,2434,732,2,2,3,2,23068,36,36,1Fam,WD,466346
StoneBr,1928,1997,4,7,3443,1190,2,2,3,0,19068,82,13,1Fam,WD,535784
NWAmes,1953,1997,6,8,1869,638,2,2,1,0,3168,57,13,Duplex,WD,285979
Mitchel,1989,1990,5,5,703,346,3,3,2,1,8333,21,20,1Fam,WD,223032
NoRidge,1915,1961,5,5,3596,1806,2,2,3,1,7324,95,49,1Fam,WD,550278
Timber,1998,2010,4,7,3504,2406,2,1,3,2,2071,12,0,1Fam,WD,544685
StoneBr,1919,1944,2,8,2076,941,3,2,3,1,5800,91,66,1Fam,COD,407114
Somerst,1945,1958,6,9,568,260,1,2,4,0,21622,65,52,1Fam,WD,258552
ClearCr,1966,1972,9,2,1015,425,2,0,3,2,2083,44,38,1Fam,WD,308587
NWAmes,1964,2009,1,3,4063,2775,2,2,3,2,23463,46,1,1Fam,WD,387498
Gilbert,1957,1987,7,2,2787,1271,2,2,2,0,6070,53,23,1Fam,COD,358357
Crawfor,1952,1975,6,7,860,578,3,1,4,1,17240,58,35,1Fam,WD,265860
Somerst,2010,2010,3,2,1964,1865,3,0,3,1,7191,0,0,1Fam,WD,351451
NAmes,1900,1958,1,2,1554,1335,2,2,2,0,11825,110,52,1Fam,WD,174729
CollgCr,1980,2010,4,2,2422,1673,1,3,3,2,19843,30,0,1Fam,WD,343414
IDOTRR,1965,1993,9,4,2152,1062,3,3,3,0,17002,45,17,1Fam,WD,252865
Gilbert,1928,1944,2,1,1206,753,2,2,4,1,6626,82,66,1Fam,WD,248337
NoRidge,1983,1996,3,2,2125,1553,1,2,4,0,5262,27,14,1Fam,WD,413320
Gilbert,1969,2008,2,3,3237,1986,2,2,3,1,4286,41,2,1Fam,WD,350652
Somerst,1907,1942,2,7,1156,1086,2,1,4,1,3042,103,68,TwnhsE,WD,235845
Gilbert,1928,1985,10,1,4285,3097,0,2,2,0,19559,82,25,2fmCon,New,547468
NridgHt,1950,1997,8,6,1845,1638,3,1,3,0,14313,60,13,Twnhs,WD,521256
StoneBr,1932,1955,3,3,843,617,2,2,4,2,17917,78,55,1Fam,WD,319500
NAmes,1902,2010,7,3,4286,3317,2,2,3,1,17794,108,0,1Fam,ConLD,401769
Timber,1959,1985,8,4,1035,774,2,1,3,1,4299,51,25,1Fam,WD,341594
NAmes,1934,1958,3,4,854,814,3,2,4,0,19739,76,52,1Fam,New,204263
Veenker,1968,1999,2,7,4042,2102,0,2,2,0,13372,42,11,1Fam,New,495980
Gilbert,1990,2009,8,3,1427,918,2,2,2,1,8423,20,1,1Fam,WD,308746
Gilbert,2007,2008,3,8,1482,1273,3,1,3,1,4185,3,2,1Fam,WD,297916
CollgCr,1975,1992,7,8,2517,958,2,2,4,0,18941,35,18,1Fam,WD,381547
Veenker,1983,1987,1,7,2652,1783,2,2,4,1,8438,27,23,Twnhs,WD,416469
Timber,2008,2009,6,2,4358,2318,1,3,3,0,22385,2,1,1Fam,WD,630579
NridgHt,1919,1927,9,5,1845,1350,2,1,4,0,8071,91,83,1Fam,WD,490473
Veenker,1972,2006,3,6,2095,1161,3,3,3,1,12653,38,4,1Fam,WD,380846
Gilbert,1938,2001,7,4,2406,1063,1,2,2,0,5888,72,9,Duplex,WD,315481
BrkSide,1903,1974,6,5,3509,1724,3,2,4,0,7522,107,36,1Fam,WD,266158
NAmes,1918,1937,8,9,1026,723,3,1,2,1,4127,92,73,1Fam,WD,244068
NWAmes,2001,2006,3,7,3051,1163,2,2,3,1,21704,9,4,1Fam,WD,345848
Mitchel,1990,1999,3,2,3656,2305,2,1,3,1,8747,20,11,1Fam,WD,358161
Gilbert,1944,1973,4,1,1430,1195,0,2,3,1,12849,66,37,1Fam,New,271371
Timber,1942,1994,3,2,3256,2707,3,3,3,1,5143,68,16,Twnhs,WD,458154
BrkSide,1912,2003,9,3,2782,1009,2,1,2,0,24075,98,7,1Fam,WD,275945
Gilbert,1912,2010,4,2,2446,2100,2,2,3,0,21646,98,0,1Fam,WD,309827
Crawfor,1959,2001,6,3,4427,2885,2,0,1,1,23871,51,9,TwnhsE,ConLD,495412
NoRidge,1956,1966,8,9,1786,795,2,2,3,0,10298,54,44,1Fam,WD,494275
ClearCr,1985,2001,8,4,3577,1147,3,1,4,1,20239,25,9,1Fam,ConLD,495582
CollgCr,1991,2006,5,9,3041,1391,2,1,4,1,15292,19,4,1Fam,WD,407513
NAmes,1951,1989,5,3,2416,1845,3,2,4,0,13967,59,21,2fmCon,WD,294226
CollgCr,2010,2010,6,1,3860,931,2,2,3,1,17455,0,0,1Fam,WD,472807
Somerst,1952,1987,10,5,2093,641,1,1,4,2,19217,58,23,1Fam,WD,403220
IDOTRR,2008,2009,7,2,4228,3139,3,1,3,0,21892,2,1,1Fam,WD,372163
NoRidge,1985,2007,10,4,3425,2046,2,0,2,0,20357,25,3,Duplex,WD,673118
ClearCr,1942,1960,7,2,4125,3078,2,3,3,1,7643,68,50,1Fam,COD,511177
NridgHt,1982,1993,4,2,1873,1347,4,2,3,0,5233,28,17,1Fam,WD,487360
NWAmes,1971,1985,6,3,1723,539,1,2,4,0,19970,39,25,1Fam,New,320558
BrkSide,1971,2001,7,5,2459,1930,2,2,3,0,21234,39,9,1Fam,WD,288950
Veenker,1941,1983,5,4,4257,1678,2,1,2,1,14603,69,27,Duplex,WD,501963
NAmes,1989,1993,5,2,3514,2121,2,2,4,1,16460,21,17,1Fam,WD,347327
Veenker,1925,1961,2,2,1465,870,3,1,3,1,3452,85,49,Duplex,WD,253952
BrkSide,1922,2000,7,6,1463,518,4,2,4,2,5210,88,10,1Fam,New,236951
NWAmes,1942,1970,6,7,1396,1119,2,2,4,1,19577,68,40,1Fam,WD,255732
Mitchel,1976,2001,1,6,1858,1022,3,2,3,2,15529,34,9,Duplex,WD,251888
NridgHt,1927,1928,4,7,4178,1524,3,1,2,1,13247,83,82,1Fam,WD,599270
IDOTRR,1908,1991,3,1,716,564,2,1,2,0,13972,102,19,1Fam,WD,126528
NWAmes,1919,1933,3,6,1122,851,2,2,2,2,3274,91,77,TwnhsE,WD,197913
Veenker,1955,2006,7,3,852,813,2,2,3,0,18457,55,4,1Fam,WD,305105
Mitchel,1982,1985,10,1,1191,829,4,1,3,1,24369,28,25,1Fam,WD,322785
Veenker,1938,1987,4,8,3222,2526,4,1,4,0,6164,72,23,TwnhsE,WD,468923
NAmes,1950,1987,8,4,1130,408,2,3,4,1,6559,60,23,1Fam,WD,248694
NoRidge,1911,1933,9,8,2872,1415,3,2,4,2,23246,99,77,1Fam,WD,625967
NWAmes,1978,2003,3,4,3448,1938,2,3,1,0,21950,32,7,1Fam,WD,369389
CollgCr,1994,2004,5,4,3799,1447,2,1,3,0,7971,16,6,1Fam,WD,434935
NoRidge,1954,1981,4,4,1668,1240,4,2,3,0,23997,56,29,1Fam,COD,459738
Timber,1977,1978,10,6,2855,1420,1,1,2,1,15793,33,32,1Fam,Oth,519216
NridgHt,1910,1917,6,9,1153,653,1,2,4,0,9844,100,93,1Fam,WD,376747
CollgCr,1925,1953,10,5,4205,1283,2,1,4,1,23258,85,57,Duplex,WD,498186
Veenker,1941,1951,4,8,2832,1954,2,1,3,0,10420,69,59,1Fam,WD,414741
Crawfor,1926,1943,8,8,891,604,2,1,3,0,15235,84,67,1Fam,WD,268499
Veenker,1910,1964,3,4,4309,2253,2,2,2,1,11971,100,46,2fmCon,WD,481926
Veenker,1937,1986,5,9,2907,1923,3,2,3,1,11244,73,24,1Fam,WD,455875
NWAmes,1997,2010,1,9,1268,672,3,2,1,0,5163,13,0,1Fam,New,238426
NridgHt,1942,1950,6,5,1296,885,2,3,2,1,13963,68,60,1Fam,WD,403039
BrkSide,1918,1928,5,6,1431,528,2,2,3,1,17878,92,82,1Fam,WD,186385
NAmes,1963,2006,8,5,2470,1595,2,2,4,0,24578,47,4,1Fam,WD,327313
Gilbert,1905,1980,9,3,664,411,2,3,3,0,7641,105,30,1Fam,COD,252394
Crawfor,1945,1997,8,8,1232,824,2,2,3,1,24170,65,13,1Fam,WD,323593
NAmes,2001,2007,8,9,1080,745,2,1,3,0,7660,9,3,1Fam,WD,272319
StoneBr,1941,1996,3,4,1320,872,2,3,4,0,14036,69,14,Twnhs,COD,372741
NridgHt,1991,2001,4,9,1747,994,2,1,5,1,8642,19,9,2fmCon,WD,485929
Timber,1964,2002,4,9,623,235,2,2,4,0,22905,46,8,1Fam,WD,294354
Mitchel,1998,2006,5,7,2471,1368,2,2,4,0,24754,12,4,1Fam,WD,327265
NridgHt,2003,2007,9,8,843,157,2,2,3,2,7808,7,3,1Fam,WD,457794
Crawfor,1971,1980,9,3,2374,1758,3,2,3,0,10826,39,30,1Fam,WD,417280
IDOTRR,1958,2000,10,5,1023,422,2,1,2,2,6242,52,10,Twnhs,New,212891
NAmes,1951,1965,1,3,3623,1466,3,2,2,0,21029,59,45,1Fam,WD,286287
CollgCr,1946,1993,8,7,628,119,0,2,4,1,4215,64,17,1Fam,WD,256262
NridgHt,1906,1991,1,6,1658,1246,2,1,4,1,17586,104,19,TwnhsE,WD,356309
NAmes,1910,1930,2,3,3204,849,3,2,3,0,10045,100,80,1Fam,WD,273398
Crawfor,2002,2005,7,9,3698,2779,2,1,3,1,23277,8,5,1Fam,WD,490916
NoRidge,1960,2003,8,1,3285,1840,2,2,1,1,10994,50,7,1Fam,COD,610315
NoRidge,1967,1998,1,3,3486,978,2,2,3,0,21966,43,12,2fmCon,COD,487096
BrkSide,1924,1973,3,7,2618,1327,3,3,3,1,5231,86,37,1Fam,WD,259413
Gilbert,1911,1933,7,3,2820,916,2,1,3,0,16890,99,77,1Fam,WD,314860
Mitchel,1925,1937,9,3,1710,1270,3,1,4,1,14313,85,73,1Fam,WD,320773
NAmes,2001,2005,8,2,1526,1104,4,1,2,1,19421,9,5,Twnhs,COD,290382
Crawfor,2009,2010,8,9,1808,1146,2,1,3,0,9592,1,0,1Fam,WD,365856
CollgCr,1911,2002,9,4,521,361,2,2,3,0,1677,99,8,1Fam,WD,249914
ClearCr,1942,1950,10,6,665,315,0,3,5,1,20260,68,60,1Fam,New,339239
Veenker,1950,2006,3,2,1833,1345,2,2,4,2,9238,60,4,TwnhsE,WD,351302
ClearCr,1936,1970,8,9,3422,2098,2,3,3,0,10492,74,40,1Fam,WD,476278
Mitchel,1945,1965,1,7,2000,1984,3,1,5,1,24715,65,45,1Fam,WD,259734
Crawfor,1952,2009,8,5,997,386,2,3,3,0,4743,58,1,1Fam,WD,303225
NAmes,1987,2004,7,7,933,891,4,1,2,1,5166,23,6,1Fam,WD,228631
ClearCr,1979,1979,8,4,3305,1391,2,3,3,1,18821,31,31,1Fam,WD,477784
Crawfor,1912,1983,1,7,2781,1004,2,1,3,1,20911,98,27,1Fam,WD,301169
Gilbert,1988,2006,6,2,1336,1299,2,3,3,2,19904,22,4,2fmCon,WD,318182
Crawfor,1953,2001,7,7,2193,1784,2,1,4,0,16132,57,9,1Fam,WD,362327
NWAmes,1956,1972,5,4,1162,615,3,2,4,0,13232,54,38,1Fam,COD,243100
Timber,1903,1945,5,4,1224,502,2,2,3,2,3474,107,65,Duplex,WD,310592
CollgCr,1974,2004,7,1,875,49,1,2,3,0,12361,36,6,TwnhsE,WD,264789
NoRidge,1995,1996,3,3,3277,1818,2,2,2,1,2758,15,14,1Fam,WD,535062
Somerst,1948,1953,6,5,3817,3153,2,3,3,1,8552,62,57,1Fam,WD,524639
CollgCr,1906,1991,7,5,802,301,3,2,2,1,20994,104,19,1Fam,WD,264970
Gilbert,2009,2010,1,2,2952,2184,4,2,3,0,10934,1,0,1Fam,WD,369921
IDOTRR,1910,1976,2,4,4359,2085,1,1,3,0,15028,100,34,1Fam,ConLD,257225
Crawfor,1991,2002,4,1,2186,1718,2,2,4,1,20637,19,8,1Fam,WD,337190
NWAmes,1953,1988,8,9,1207,724,2,2,2,0,23678,57,22,TwnhsE,WD,271271
CollgCr,2004,2007,10,1,1416,771,4,3,3,1,20559,6,3,1Fam,New,445803
Gilbert,1986,1998,6,6,2568,1651,3,2,3,1,16508,24,12,1Fam,WD,396915
NridgHt,1944,2009,1,7,756,360,2,2,2,0,13364,66,1,1Fam,WD,287974
Timber,1922,1923,10,3,898,518,2,1,3,0,1919,88,87,1Fam,WD,327165
Somerst,1927,1941,5,1,4100,3064,1,1,3,2,10344,83,69,1Fam,WD,496010
CollgCr,2006,2010,7,7,550,519,2,2,3,1,4371,4,0,1Fam,COD,264791
NridgHt,2010,2010,6,3,2994,1072,2,2,4,1,16702,0,0,1Fam,WD,612650
StoneBr,1956,1972,9,6,3841,2967,2,1,3,2,14601,54,38,1Fam,WD,683646
Veenker,1925,1931,8,6,3374,1375,2,1,4,1,2367,85,79,TwnhsE,COD,469547
IDOTRR,1924,1951,4,4,1094,776,2,2,2,2,17738,86,59,1Fam,WD,162642
Somerst,1953,1966,5,6,1317,565,2,1,4,0,12679,57,44,Duplex,WD,292939
CollgCr,1928,1971,7,4,1135,756,2,3,2,1,9504,82,39,1Fam,WD,303184
StoneBr,1982,1998,8,8,4373,2013,1,1,2,0,17658,28,12,TwnhsE,ConLD,704827
Crawfor,1996,2009,5,9,3833,1707,1,1,2,1,22616,14,1,1Fam,WD,442864
Veenker,1935,2004,9,2,3936,1660,1,2,3,1,22011,75,6,TwnhsE,WD,552117
Timber,1913,2000,10,7,1572,1112,3,2,3,0,17113,97,10,1Fam,WD,421808
CollgCr,1977,1982,4,9,4089,2736,1,2,5,0,22476,33,28,1Fam,ConLD,468306
NridgHt,1934,1960,4,9,2152,1702,3,2,4,1,3742,76,50,1Fam,New,539559
NridgHt,1929,2010,8,5,1641,719,2,2,3,0,14315,81,0,1Fam,WD,487119
Timber,1991,1995,1,1,1976,1457,2,2,3,1,3988,19,15,1Fam,New,372787
NridgHt,1916,1939,8,6,1274,886,3,2,3,0,19396,94,71,TwnhsE,New,515674
NoRidge,1966,2003,5,8,4436,1980,2,2,4,2,7116,44,7,1Fam,WD,719898
Somerst,1979,1980,1,1,3520,1830,2,2,4,0,20655,31,30,1Fam,WD,416379
Mitchel,2009,2010,4,2,2470,1501,2,2,3,1,19527,1,0,1Fam,WD,306723
Crawfor,1929,1975,2,1,4457,2095,3,2,3,0,1523,81,35,1Fam,WD,414269
CollgCr,1992,2006,4,5,2164,1108,2,2,4,0,3837,18,4,1Fam,WD,344556
Veenker,1944,1967,8,2,896,648,2,3,2,0,20827,66,43,1Fam,WD,337350
BrkSide,1978,1978,5,4,3230,1344,2,2,2,1,14091,32,32,Duplex,WD,303828
Somerst,2009,2010,1,1,3598,2407,2,1,3,0,9522,1,0,1Fam,WD,445266
NoRidge,1988,1999,7,7,3258,2557,2,3,4,1,6226,22,11,TwnhsE,New,747110
Crawfor,1950,1961,1,8,1895,1199,2,1,3,0,19600,60,49,1Fam,WD,272904
NoRidge,2001,2009,9,5,4470,2938,2,1,5,1,8594,9,1,TwnhsE,WD,794961
Somerst,2005,2007,3,2,4397,1466,2,2,3,1,5633,5,3,1Fam,New,538543
CollgCr,1946,1973,3,8,4428,3476,3,2,3,1,24413,64,37,1Fam,WD,478016
NAmes,1952,1991,6,1,1620,734,3,3,3,0,2244,58,19,1Fam,COD,229446
CollgCr,1963,1969,10,7,1028,670,3,2,4,1,22061,47,41,1Fam,WD,359586
NWAmes,1937,1959,6,1,1184,962,1,3,3,1,7440,73,51,1Fam,WD,231887
IDOTRR,1963,1983,6,6,3160,1985,2,1,3,0,1549,47,27,1Fam,WD,264604
NoRidge,1986,1987,1,6,2733,2313,3,1,2,0,24696,24,23,1Fam,WD,523467
Veenker,1988,1998,5,5,3243,1813,1,2,3,0,7717,22,12,1Fam,WD,481597
Somerst,2005,2010,6,2,2762,1017,0,3,4,0,20933,5,0,1Fam,WD,405083
ClearCr,1906,1940,8,2,3822,2888,3,2,3,0,12434,104,70,1Fam,WD,494430
ClearCr,1921,1962,1,9,2763,842,2,1,4,0,23109,89,48,Twnhs,WD,325027
BrkSide,1980,2007,5,5,2576,1959,2,1,4,1,9368,30,3,1Fam,WD,268132
NWAmes,1981,2007,3,5,601,144,2,1,2,0,21773,29,3,1Fam,WD,191698
Crawfor,1940,1963,2,7,622,639,3,2,4,0,9451,70,47,1Fam,WD,197502
Veenker,1973,1980,8,6,2601,955,2,1,3,0,13089,37,30,1Fam,COD,434963
Mitchel,1909,1961,7,2,1806,908,3,3,2,1,16519,101,49,TwnhsE,WD,275520
IDOTRR,1956,1963,10,1,2137,1397,2,2,3,0,16191,54,47,Twnhs,WD,275805
Mitchel,1906,1909,7,5,1640,739,2,2,3,1,23659,104,101,TwnhsE,WD,266451
NridgHt,1949,1975,5,4,1115,623,2,1,3,1,21239,61,35,TwnhsE,WD,358673
Gilbert,2001,2004,9,3,1056,409,2,1,2,1,9845,9,6,Twnhs,COD,304663
NridgHt,1990,1994,5,2,613,241,2,2,4,0,12593,20,16,1Fam,Oth,354289
Timber,1951,1983,2,2,3402,1625,2,3,4,1,7761,59,27,TwnhsE,WD,436343
NridgHt,1932,1980,3,4,2066,1451,3,2,3,0,20198,78,30,2fmCon,WD,434543
Crawfor,1900,1997,4,2,3223,1722,2,3,3,2,21340,110,13,1Fam,WD,387810
Gilbert,2007,2008,5,4,1476,637,2,2,1,1,16672,3,2,1Fam,WD,296123
NoRidge,1952,1959,3,3,1200,1184,2,1,3,1,22150,58,51,1Fam,WD,345857
Somerst,1959,1997,7,9,1816,1200,3,1,3,2,10308,51,13,2fmCon,WD,405679
ClearCr,1933,1995,5,7,3766,1659,2,2,3,1,20933,77,15,1Fam,WD,486818
Somerst,1903,1949,5,3,2839,1549,2,2,2,0,22527,107,61,1Fam,WD,386499
NoRidge,1916,1941,6,8,4458,3664,3,2,4,0,6804,94,69,1Fam,WD,710755
ClearCr,1903,1959,7,9,760,374,2,2,3,1,19809,107,51,1Fam,WD,272614
NWAmes,1942,1978,10,7,3778,2577,2,2,3,1,8345,68,32,Duplex,New,484757
NridgHt,1989,1990,10,6,3111,1906,2,3,3,1,8310,21,20,2fmCon,WD,709687
NoRidge,1903,1909,8,4,2596,975,2,1,3,1,16728,107,101,Twnhs,COD,491486
Somerst,1900,1939,9,5,1529,1009,2,2,2,0,3957,110,71,1Fam,WD,337893
BrkSide,1970,1997,4,8,878,627,0,2,3,1,8382,40,13,TwnhsE,WD,192018
Gilbert,1993,1999,5,3,3965,2027,3,2,3,1,5741,17,11,1Fam,COD,453208
Gilbert,1949,2010,5,2,2409,1687,1,2,1,0,20993,61,0,1Fam,WD,310808
Somerst,1972,2010,8,3,2771,1781,2,3,1,1,12229,38,0,1Fam,WD,451014
Crawfor,1960,1987,9,7,1546,1206,1,2,3,1,14049,50,23,1Fam,WD,360858
NridgHt,1934,1986,7,8,1507,969,2,2,2,1,6745,76,24,Twnhs,COD,453262
Gilbert,1907,2008,5,1,3204,2276,1,1,3,1,11319,103,2,1Fam,WD,359516
BrkSide,1923,1926,3,7,609,604,2,2,3,0,5940,87,84,TwnhsE,WD,125871
Crawfor,1982,1991,1,9,3271,967,2,2,3,0,9110,28,19,1Fam,WD,361269
NAmes,1935,1959,9,3,4383,3058,1,2,5,1,3498,75,51,1Fam,WD,434020
NWAmes,1949,1955,5,3,3100,2161,2,3,3,1,19015,61,55,1Fam,WD,366058
NoRidge,1942,1969,9,8,1922,580,3,2,4,0,3492,68,41,1Fam,WD,511135
BrkSide,1926,1994,10,4,3743,1980,2,2,4,1,15368,84,16,Twnhs,WD,369185
NridgHt,1931,1997,4,8,1505,446,3,0,4,2,17296,79,13,1Fam,New,476296
CollgCr,1977,2007,5,5,1197,794,3,1,3,2,6540,33,3,1Fam,WD,284907
StoneBr,1917,1936,4,3,3273,2198,4,1,4,1,18596,93,74,2fmCon,New,593702
NridgHt,1927,2009,2,4,805,802,3,1,4,0,1714,83,1,1Fam,WD,309190
ClearCr,1928,1938,1,4,4135,1829,2,2,3,1,7246,82,72,1Fam,WD,420740
Veenker,1915,1981,8,8,2105,1456,4,2,3,0,24865,95,29,1Fam,WD,440052
CollgCr,1998,2004,4,6,2231,1070,3,2,5,1,5269,12,6,1Fam,WD,351138
Crawfor,1946,1952,5,7,1458,826,3,2,3,0,6367,64,58,Twnhs,New,298589
NridgHt,1958,1980,6,9,1453,983,0,2,3,1,18964,52,30,1Fam,WD,440547
NoRidge,1930,1990,8,6,1674,1018,4,2,4,1,11117,80,20,1Fam,WD,494058
CollgCr,1903,1973,8,3,3999,2960,3,2,3,1,11961,107,37,1Fam,WD,491037
Somerst,1936,1969,7,3,3168,2540,3,3,2,1,18358,74,41,1Fam,WD,478991
NWAmes,1916,1934,4,3,4038,1403,1,1,3,0,10823,94,76,1Fam,WD,362242
Gilbert,1938,1995,6,2,3177,1749,2,3,3,1,18746,72,15,1Fam,WD,388837
NAmes,1947,1955,4,1,3424,2149,4,2,4,0,10503,63,55,1Fam,WD,317349
Gilbert,1945,1992,7,1,2130,1298,2,2,3,0,16015,65,18,1Fam,WD,315826
ClearCr,1989,2007,1,4,2291,740,2,1,4,2,5772,21,3,1Fam,WD,331076
Gilbert,1947,1964,5,3,3103,1888,3,1,3,1,10178,63,46,1Fam,WD,354875
Veenker,1938,1978,10,5,2471,1406,1,2,3,1,16249,72,32,1Fam,WD,471827
Veenker,2004,2008,10,9,566,259,2,2,2,1,20992,6,2,TwnhsE,WD,389313
Mitchel,1903,2008,4,8,1679,1334,2,1,3,1,18151,107,2,1Fam,New,247528
ClearCr,1929,1953,7,9,1334,555,2,2,4,1,21757,81,57,1Fam,WD,308184
Mitchel,1929,2006,9,5,705,0,2,2,3,1,12663,81,4,1Fam,WD,231940
Mitchel,1921,1945,5,8,3333,1189,2,2,4,2,8031,89,65,Twnhs,WD,356394
NAmes,1974,1992,4,4,654,765,1,3,3,1,20285,36,18,TwnhsE,WD,192243
BrkSide,1965,2003,9,5,2214,1684,2,2,2,1,22793,45,7,1Fam,WD,289458
ClearCr,2007,2009,5,3,2032,1562,3,2,2,1,20200,3,1,1Fam,WD,378594
Veenker,1911,1989,9,5,2095,1054,2,1,4,0,17164,99,21,1Fam,WD,403236
Crawfor,1993,2008,8,3,2545,1876,2,1,3,1,19085,17,2,Duplex,WD,405263
Somerst,1935,1961,4,5,3645,2252,1,3,3,2,23070,75,49,1Fam,WD,459618
Crawfor,1917,1990,7,5,3620,2769,3,1,3,0,18160,93,20,1Fam,WD,440036
NWAmes,1989,1992,5,6,3330,2340,4,2,3,0,23211,21,18,1Fam,WD,405262
Gilbert,1952,2002,10,9,1990,815,2,2,3,1,18514,58,8,1Fam,WD,374125
Somerst,1970,1988,4,1,3132,1510,2,3,3,0,20469,40,22,1Fam,WD,439216
StoneBr,1900,1927,5,6,1207,358,2,2,5,1,24545,110,83,1Fam,WD,338259
ClearCr,1957,1977,5,1,2434,1150,3,2,3,0,8900,53,33,1Fam,WD,350695
StoneBr,1989,2003,9,6,678,492,2,2,2,0,2637,21,7,1Fam,WD,401492
NAmes,1986,1999,9,2,1571,1168,2,3,3,1,8468,24,11,1Fam,WD,290722
Somerst,1989,1989,6,8,1595,1144,2,3,3,0,3213,21,21,1Fam,New,389840
StoneBr,2008,2009,4,3,612,496,4,2,3,1,10740,2,1,1Fam,WD,388783
NridgHt,1905,1987,2,6,1256,495,1,2,4,1,11275,105,23,TwnhsE,WD,320793
Gilbert,1969,1998,3,6,1396,444,4,2,4,1,4851,41,12,1Fam,WD,279453
Gilbert,1943,1964,2,4,2426,1366,2,2,3,1,9593,67,46,1Fam,WD,293270
Somerst,1971,1973,5,5,3368,1725,2,2,3,0,14600,39,37,Duplex,WD,472769
NridgHt,1923,2004,6,2,658,384,2,2,4,0,11526,87,6,1Fam,WD,324600
ClearCr,1985,1995,5,8,1285,359,2,2,4,0,7715,25,15,1Fam,WD,298134
Veenker,1918,1965,2,7,2303,1758,2,2,3,0,16853,92,45,1Fam,WD,340366
Gilbert,2000,2001,5,6,2339,1106,2,2,3,1,10643,10,9,1Fam,WD,347797
Crawfor,1917,1992,9,7,3601,2448,1,3,4,0,19108,93,18,1Fam,WD,489507
Somerst,1994,1999,4,1,3668,2466,2,2,3,1,23329,16,11,1Fam,COD,519952
Timber,2000,2010,10,5,2798,899,2,1,3,0,9724,10,0,Duplex,New,577359
IDOTRR,1929,1968,2,7,2042,1746,2,2,4,1,17980,81,42,1Fam,ConLD,196308
ClearCr,1941,1942,3,1,3663,2534,3,1,4,0,5858,69,68,1Fam,WD,424057
Gilbert,1932,2004,3,2,612,445,2,2,3,0,16709,78,6,2fmCon,New,235692
StoneBr,1973,1974,9,9,758,368,2,3,3,1,14701,37,36,1Fam,New,481456
CollgCr,2000,2000,4,3,2654,955,1,2,3,1,4641,10,10,1Fam,COD,348769
NridgHt,1911,1984,1,6,1074,807,2,2,4,1,16128,99,26,1Fam,WD,308578
CollgCr,1993,1994,1,7,3961,3273,2,1,5,1,12970,17,16,1Fam,WD,440745
IDOTRR,1926,1980,7,9,3538,1359,2,3,4,1,18055,84,30,1Fam,WD,290464
Somerst,1938,2009,7,5,1881,781,2,2,3,1,22737,72,1,1Fam,WD,370131
NridgHt,1908,2008,2,4,2306,1764,1,1,1,0,15067,102,2,1Fam,WD,405858
NridgHt,1920,1979,9,2,1722,546,3,2,3,0,10433,90,31,1Fam,COD,476314
Somerst,1975,2007,9,3,2974,2040,2,3,3,1,23315,35,3,1Fam,WD,504263
StoneBr,1928,1933,5,5,2001,1351,2,1,3,0,9037,82,77,1Fam,WD,441950
NridgHt,1932,1950,3,2,1358,1095,0,2,3,0,11614,78,60,1Fam,COD,326165
NWAmes,2006,2008,3,4,4420,2382,3,3,3,0,12389,4,2,1Fam,WD,457307
ClearCr,1961,1961,3,1,4074,1779,1,0,5,0,2458,49,49,1Fam,New,475097
Veenker,1914,1946,6,4,4229,1127,3,2,1,1,22554,96,64,Twnhs,WD,535898
BrkSide,1901,1940,4,7,3465,2614,2,2,4,0,10035,109,70,2fmCon,WD,272475
NoRidge,1951,1982,8,3,4144,2674,2,2,3,0,4981,59,28,TwnhsE,WD,681328
IDOTRR,2002,2006,5,8,3691,2417,2,2,4,0,19453,8,4,1Fam,WD,288979
Veenker,1943,1959,1,6,2096,1337,3,1,3,1,9431,67,51,1Fam,Oth,303613
NAmes,1953,1960,9,6,3880,1673,2,2,1,1,10147,57,50,1Fam,New,414213
Crawfor,1917,1973,1,1,2061,648,2,0,3,0,23426,93,37,Twnhs,WD,232064
Mitchel,1902,1943,6,5,3174,2384,2,2,2,1,10135,108,67,1Fam,WD,332486
IDOTRR,1906,2003,1,3,3022,1360,3,2,2,0,13984,104,7,1Fam,WD,246345
Veenker,1942,1950,3,1,3099,1454,2,2,4,1,12607,68,60,1Fam,WD,409692
IDOTRR,1981,2004,10,8,2891,694,2,2,3,1,4981,29,6,1Fam,WD,300686
Somerst,2007,2009,5,7,3175,1171,1,2,3,2,23577,3,1,1Fam,WD,474335
Somerst,1937,1971,10,7,2683,1236,2,3,3,0,2917,73,39,1Fam,WD,441457
Somerst,1936,2006,7,4,776,252,2,3,3,0,23740,74,4,1Fam,WD,303649
CollgCr,1957,1971,10,6,2512,1900,2,2,4,0,9176,53,39,TwnhsE,WD,406330
StoneBr,1932,1984,8,9,4382,3390,2,3,3,0,8511,78,26,TwnhsE,WD,734669
CollgCr,2007,2008,9,3,4104,3486,1,3,3,0,24593,3,2,TwnhsE,WD,564818
CollgCr,1958,1977,6,9,4470,3602,2,2,4,0,18554,52,33,TwnhsE,WD,525582
NWAmes,1994,1996,9,4,2578,1572,2,2,2,0,23297,16,14,1Fam,WD,390685
NAmes,1910,1971,8,5,746,491,2,1,4,2,23885,100,39,Twnhs,WD,211716
ClearCr,1967,1990,9,7,910,658,1,2,3,0,20168,43,20,1Fam,WD,313629
Veenker,1981,1982,10,6,2574,1187,1,3,2,2,14248,29,28,TwnhsE,New,576027
Timber,1967,1988,4,8,572,358,1,2,3,1,23324,43,22,1Fam,WD,296890
StoneBr,1997,2007,9,8,1620,500,3,2,3,1,9791,13,3,1Fam,WD,534327
NridgHt,1992,2007,7,8,1172,904,2,1,4,2,20671,18,3,1Fam,WD,486435
Somerst,1987,1994,5,3,1869,678,1,1,2,1,18291,23,16,1Fam,WD,314595
Veenker,1921,1959,5,6,3023,1300,2,2,2,1,2477,89,51,TwnhsE,WD,414883
IDOTRR,1965,2007,1,7,1823,773,2,3,3,0,17293,45,3,Duplex,WD,198475
CollgCr,1943,1977,2,9,3870,3111,2,2,3,1,23437,67,33,1Fam,WD,426920
Somerst,1905,1953,10,4,786,761,2,3,4,2,10411,105,57,1Fam,WD,349013
Crawfor,1941,1986,3,5,2408,1853,2,1,3,0,18428,69,24,1Fam,WD,296376
NoRidge,1924,1961,8,8,4020,1600,2,2,4,0,8460,86,49,1Fam,WD,660619
ClearCr,1956,1963,6,1,711,370,1,2,5,1,9044,54,47,2fmCon,WD,258282
Crawfor,1984,2005,10,6,3647,2199,2,2,3,1,7802,26,5,1Fam,WD,519387
CollgCr,1954,1990,5,4,900,772,3,0,4,1,23789,56,20,1Fam,WD,272535
ClearCr,1915,2005,1,5,1154,794,3,1,3,0,12980,95,5,Twnhs,WD,219375
IDOTRR,1994,2001,9,5,3605,2609,1,1,2,1,11385,16,9,1Fam,WD,321586
NAmes,1913,1946,3,2,997,630,2,3,3,0,17370,97,64,1Fam,WD,161788
Crawfor,1938,1954,3,8,3395,2637,2,1,2,2,22107,72,56,TwnhsE,WD,373882
Crawfor,1927,1959,2,2,4087,2027,3,1,5,0,17113,83,51,TwnhsE,WD,394546
Crawfor,1995,2009,4,4,1851,712,2,2,3,1,3073,15,1,Twnhs,WD,310555
Timber,1991,2004,2,5,597,286,2,2,3,0,22856,19,6,1Fam,WD,277470
Somerst,1950,2001,9,1,2913,952,1,2,3,0,21677,60,9,1Fam,WD,443402
NridgHt,1948,2001,10,6,4300,2287,2,3,3,0,4153,62,9,1Fam,WD,789689
CollgCr,1908,1987,7,2,962,244,2,2,3,0,2040,102,23,1Fam,WD,237518
CollgCr,1957,1985,8,5,2575,1356,3,3,4,1,3711,53,25,1Fam,WD,416044
Timber,1944,1952,3,6,3260,1266,3,2,2,0,11250,66,58,1Fam,WD,448256
IDOTRR,1921,1953,6,8,3957,1350,2,1,4,0,9822,89,57,1Fam,WD,279355
BrkSide,1931,1990,10,9,772,501,2,3,4,0,12435,79,20,TwnhsE,ConLD,225227
NWAmes,1968,1996,6,6,3373,2107,1,2,3,1,23427,42,14,Twnhs,COD,417909
CollgCr,1986,1998,1,5,1650,1205,2,2,2,0,5320,24,12,1Fam,WD,242807
NAmes,1968,1988,6,4,2749,1863,2,2,2,0,20115,42,22,1Fam,WD,317005
NoRidge,1941,1998,3,2,4092,1445,1,2,4,1,20602,69,12,Duplex,ConLD,559758
Mitchel,1952,1972,3,2,3858,1540,3,1,2,2,9190,58,38,1Fam,WD,321372
NoRidge,1995,1999,3,7,2997,1042,1,2,2,1,2522,15,11,Duplex,WD,506034
Mitchel,1958,1967,10,5,1611,1058,2,2,3,1,6854,52,43,TwnhsE,WD,298186
Veenker,1973,1978,10,7,3889,2664,3,2,3,0,5726,37,32,1Fam,WD,631834
NAmes,1938,1950,8,1,518,217,3,1,3,1,10729,72,60,1Fam,WD,191102
BrkSide,1914,1978,5,1,2116,1085,3,3,3,1,2313,96,32,1Fam,WD,237873
StoneBr,1970,1989,4,5,3678,3325,1,1,3,2,21721,40,21,1Fam,WD,625506
CollgCr,1928,1984,9,2,1981,1161,3,2,2,0,10350,82,26,1Fam,WD,340714
IDOTRR,2010,2010,9,8,2858,2232,2,1,3,2,18967,0,0,2fmCon,COD,291849
CollgCr,1902,1947,1,3,911,451,3,1,3,0,4474,108,63,TwnhsE,New,170049
NAmes,1982,1989,2,1,1241,710,2,2,4,1,23450,28,21,1Fam,WD,208651
Crawfor,1909,1918,8,2,3171,2404,3,2,2,0,24565,101,92,Twnhs,WD,432263
Somerst,1991,1999,5,7,3279,2069,1,3,3,0,4124,19,11,1Fam,WD,454980
Veenker,1928,1994,7,6,3182,1887,2,3,3,1,7005,82,16,TwnhsE,WD,499471
Timber,1978,1988,1,8,3045,1885,3,2,3,0,14881,32,22,1Fam,WD,445551
NWAmes,1934,1945,10,7,2791,1623,3,2,3,1,9049,76,65,1Fam,WD,377874
Somerst,1905,1914,5,8,3237,2133,0,2,2,1,4232,105,96,1Fam,ConLD,402031
CollgCr,1911,1935,3,3,3124,1210,3,2,4,1,19881,99,75,1Fam,New,412856
CollgCr,2010,2010,10,6,1903,964,0,2,3,0,11703,0,0,1Fam,WD,386473
Crawfor,1937,1985,2,7,1014,1016,2,2,3,2,13428,73,25,TwnhsE,New,263359
NAmes,1976,2000,2,1,706,270,2,2,5,1,14957,34,10,1Fam,WD,175348
IDOTRR,1992,2002,9,1,1447,957,1,2,3,0,5843,18,8,Twnhs,WD,219644
ClearCr,1918,1979,4,7,2941,2003,0,2,3,1,5107,92,31,1Fam,New,394905
Mitchel,1966,2001,4,3,3592,2859,3,2,3,0,2009,44,9,1Fam,WD,372859
NWAmes,1907,1945,7,3,2328,1365,2,2,4,0,10960,103,65,1Fam,New,331298
Crawfor,1907,1959,10,5,4098,2030,1,2,3,1,7594,103,51,Twnhs,WD,477779
IDOTRR,1983,2008,10,6,3914,2991,3,2,3,1,13958,27,2,1Fam,WD,376618
Timber,1946,2001,2,2,3265,2374,3,3,3,0,7245,64,9,1Fam,WD,478490
NoRidge,1903,2006,3,3,2498,1887,2,3,4,0,22700,107,4,TwnhsE,WD,457075
NAmes,1950,1950,3,6,2749,1366,1,1,4,2,4542,60,60,1Fam,WD,269634
ClearCr,1984,2007,6,3,2667,1333,0,1,3,0,6410,26,3,1Fam,ConLD,368808
NAmes,1966,1969,3,5,2172,1252,2,2,3,0,8072,44,41,1Fam,WD,248209
NAmes,1944,1973,5,9,4383,3350,2,2,3,2,18942,66,37,1Fam,WD,432840
NridgHt,1907,1918,4,3,2330,1286,2,1,1,0,5800,103,92,1Fam,WD,411948
NAmes,1986,2009,3,6,2936,1369,3,2,4,1,10581,24,1,TwnhsE,New,319473
ClearCr,1915,1949,8,5,2060,1185,2,2,2,0,23387,95,61,TwnhsE,WD,354415
CollgCr,1976,1988,10,5,2347,1188,1,2,3,1,20836,34,22,1Fam,WD,415841
Crawfor,1966,1996,3,6,2781,2160,3,2,3,0,23580,44,14,1Fam,New,428592
BrkSide,1908,2009,6,6,2156,1376,2,2,3,2,9110,102,1,1Fam,ConLD,249012
NridgHt,1959,2001,7,1,1101,684,2,2,3,0,13373,51,9,1Fam,WD,395184
CollgCr,1977,1999,7,9,1843,295,3,1,5,1,20628,33,11,1Fam,WD,388266
Gilbert,1976,1979,2,5,1211,718,3,2,3,2,4533,34,31,1Fam,WD,267287
NWAmes,1970,1985,3,1,1481,788,2,0,2,2,23918,40,25,1Fam,WD,243598
Gilbert,1914,1920,10,8,1703,1122,2,2,3,0,11459,96,90,1Fam,COD,316005
NoRidge,1970,1991,10,7,3404,2442,4,2,3,1,10824,40,19,1Fam,Oth,714225
Veenker,2001,2008,4,7,1891,1376,2,2,2,0,2701,9,2,TwnhsE,WD,364095
Somerst,1997,1997,7,5,2623,1500,2,2,2,1,18132,13,13,1Fam,New,476625
Mitchel,1940,1997,2,1,3196,2555,2,2,1,0,9503,70,13,1Fam,WD,295222
Veenker,1921,1984,3,9,3197,1542,2,0,3,0,23160,89,26,1Fam,WD,424609
Timber,1923,1934,7,9,3043,1269,3,1,3,0,4175,87,76,1Fam,WD,468397
IDOTRR,2000,2006,7,8,4093,3537,2,2,2,1,10976,10,4,1Fam,ConLD,366535
NridgHt,1943,1997,10,5,3772,2750,3,1,4,1,20759,67,13,1Fam,WD,741038
IDOTRR,1900,2002,3,3,1329,704,3,1,2,0,10012,110,8,1Fam,WD,137419
Gilbert,1909,1970,1,8,3917,1536,3,2,4,1,8794,101,40,1Fam,COD,343380
Mitchel,2006,2007,3,1,3030,1002,2,2,3,2,17911,4,3,TwnhsE,WD,326703
Veenker,1979,1986,5,3,3790,1149,3,2,1,1,12590,31,24,1Fam,WD,517737
NridgHt,2009,2009,7,7,3631,1523,2,2,5,1,2009,1,1,1Fam,WD,686888
NWAmes,1971,2004,4,4,3538,2747,1,3,3,2,16063,39,6,2fmCon,WD,415162
NAmes,1955,1999,1,7,4230,1931,3,3,3,1,18524,55,11,1Fam,WD,363146
NWAmes,1988,2000,6,5,3166,2258,2,2,3,0,21134,22,10,1Fam,ConLD,408544
StoneBr,1949,2003,2,6,1049,459,1,2,4,1,5247,61,7,Twnhs,WD,311120
NWAmes,1911,1946,3,7,1145,433,1,2,3,0,20603,99,64,1Fam,COD,217254
NWAmes,1988,1999,4,7,4482,3441,1,3,2,1,21787,22,11,1Fam,WD,463237
Gilbert,1980,1996,6,7,1744,774,3,2,2,2,22889,30,14,1Fam,WD,345361
NWAmes,1959,1960,6,7,4386,2342,2,2,4,0,4836,51,50,1Fam,New,489849
NAmes,1925,1937,7,7,3049,1403,2,2,3,0,19302,85,73,1Fam,WD,306352
Crawfor,2009,2009,5,3,3704,1254,3,2,2,0,9099,1,1,1Fam,WD,431039
NoRidge,1977,2005,7,3,1345,835,2,2,3,0,11150,33,5,1Fam,COD,444012
CollgCr,1940,1967,2,7,2600,1309,3,1,4,1,21343,70,43,1Fam,WD,325231
NridgHt,1935,1994,1,2,949,900,2,1,3,1,22788,75,16,1Fam,WD,288508
ClearCr,1922,1948,10,2,2609,2140,2,2,3,0,8812,88,62,1Fam,WD,447997
ClearCr,1942,1956,8,3,3594,2297,2,3,4,1,8842,68,54,1Fam,WD,475974
NridgHt,1905,1999,1,4,543,286,2,2,2,0,12259,105,11,1Fam,New,239330
Somerst,2010,2010,2,6,3367,1962,3,2,3,2,11029,0,0,1Fam,COD,468247
NoRidge,1968,2007,10,8,2081,787,0,2,5,0,23132,42,3,1Fam,WD,560561
Mitchel,1942,1974,6,7,1158,796,4,1,4,1,20965,68,36,2fmCon,WD,252613
BrkSide,1924,1943,1,4,1227,921,2,2,2,0,1846,86,67,1Fam,WD,136997
NridgHt,1917,1958,10,2,3399,1463,2,2,3,0,18000,93,52,1Fam,WD,628992
IDOTRR,1961,1972,3,2,2594,2015,2,3,2,1,12150,49,38,1Fam,WD,219203
CollgCr,1912,1984,7,4,4430,3953,1,1,5,1,11112,98,26,1Fam,WD,515637
Veenker,1942,1964,8,6,3367,2504,2,2,5,2,11546,68,46,1Fam,WD,548035
NridgHt,1977,1984,4,3,1547,864,4,1,3,1,20966,33,26,1Fam,WD,456657
CollgCr,1927,1940,3,6,2180,1286,2,1,3,2,15209,83,70,1Fam,COD,299956
Mitchel,1917,2007,1,5,2636,2235,2,2,4,2,3131,93,3,1Fam,WD,273391
NWAmes,1958,1982,9,5,1697,949,2,2,3,1,3499,52,28,Twnhs,WD,298691
NridgHt,1959,1971,10,2,4147,3169,2,1,2,1,16952,51,39,1Fam,WD,762037
NridgHt,1962,1982,6,8,1642,751,2,1,1,1,14069,48,28,TwnhsE,COD,454891
ClearCr,1956,2000,6,5,3282,858,2,2,3,0,9632,54,10,1Fam,ConLD,434694
Veenker,1991,1995,9,2,2191,1499,4,3,4,1,23982,19,15,1Fam,COD,478285
Timber,1950,1997,1,7,2725,1990,1,2,4,1,8503,60,13,1Fam,WD,394834
Veenker,1955,1997,6,9,3566,2749,2,2,2,1,3191,55,13,Twnhs,WD,498434
Mitchel,1926,1979,5,9,2355,1938,2,1,2,0,4204,84,31,1Fam,WD,268456
BrkSide,1931,1935,6,1,2447,1085,2,3,3,1,23424,79,75,1Fam,WD,266912
ClearCr,2010,2010,8,7,1865,698,2,2,4,0,21319,0,0,1Fam,Oth,389358
BrkSide,1908,1920,5,9,4139,3127,2,2,3,1,9902,102,90,1Fam,WD,330734
Somerst,2003,2006,2,6,3630,1489,0,1,3,1,3277,7,4,1Fam,WD,435235
CollgCr,1995,2005,2,1,3448,2316,3,2,3,0,16343,15,5,1Fam,WD,403285
Timber,1983,2007,10,2,937,635,3,2,2,2,4647,27,3,Twnhs,WD,384049
Gilbert,1991,2009,5,4,1951,670,1,2,3,1,9557,19,1,1Fam,COD,308479
IDOTRR,1996,1998,3,4,925,371,2,1,5,2,20383,14,12,1Fam,WD,186976
Crawfor,1967,2005,10,2,1467,848,3,2,2,0,18570,43,5,1Fam,WD,364325
Somerst,1945,1982,3,8,1904,1468,4,2,3,1,22950,65,28,Duplex,WD,362113
Gilbert,1997,1999,8,2,985,633,4,1,3,1,20717,13,11,1Fam,WD,304671
NoRidge,1966,2010,7,3,2255,1417,3,2,3,1,11465,44,0,1Fam,WD,549521
NAmes,1925,1963,1,4,3756,2090,1,1,3,0,3745,85,47,2fmCon,WD,261499
CollgCr,1907,1943,5,9,4130,2045,3,1,3,0,2685,103,67,1Fam,WD,444251
ClearCr,1905,1990,9,1,3007,1128,3,2,4,2,3964,105,20,TwnhsE,ConLD,425562
Crawfor,1979,2008,4,8,4460,2679,2,2,3,0,10075,31,2,1Fam,WD,466060
Crawfor,1923,1930,1,5,3468,1118,2,2,3,2,16035,87,80,1Fam,WD,316306
NridgHt,1947,1963,8,7,3673,1445,2,2,1,0,15557,63,47,1Fam,COD,672658
Gilbert,2002,2005,5,8,2079,1518,2,2,4,2,3021,8,5,1Fam,WD,348977
Timber,1993,1993,2,5,3586,1963,2,2,3,1,18863,17,17,1Fam,WD,488414
NWAmes,1944,1985,1,8,3295,1217,0,3,4,1,16902,66,25,1Fam,WD,316502
Mitchel,1912,1987,3,8,2396,1583,1,2,3,0,22061,98,23,1Fam,WD,264387
Mitchel,1968,1994,9,9,550,424,2,2,1,2,5110,42,16,TwnhsE,ConLD,242989
CollgCr,1924,1931,1,2,2856,1059,2,1,2,1,7200,86,79,1Fam,WD,275746
CollgCr,1919,1941,4,3,1557,1109,3,2,5,1,12962,91,69,1Fam,WD,277366
StoneBr,1981,2008,8,1,2159,820,1,2,3,0,9073,29,2,Twnhs,WD,500732
Mitchel,2010,2010,8,4,3552,2536,3,2,2,1,19837,0,0,1Fam,WD,415048
Veenker,1981,1990,10,5,2112,607,3,2,2,1,23430,29,20,1Fam,WD,487394
CollgCr,1965,1993,8,1,2427,1796,3,2,3,0,11176,45,17,TwnhsE,COD,385513
Veenker,1973,1992,10,8,3182,1042,2,0,2,1,18767,37,18,1Fam,COD,529060
NoRidge,1944,1959,8,2,704,554,1,1,3,0,22707,66,51,1Fam,WD,355262
Crawfor,1946,1962,4,1,3287,1712,2,2,3,2,18007,64,48,1Fam,WD,370857
NridgHt,1962,1977,8,2,1593,1167,1,2,3,2,2025,48,33,1Fam,WD,484063
NWAmes,1975,1993,9,5,3801,1889,4,2,2,0,19970,35,17,TwnhsE,WD,451389
Veenker,2010,2010,7,9,4051,1334,2,2,3,0,17058,0,0,Duplex,WD,596583
NridgHt,1976,1983,2,9,1032,883,2,1,3,1,11847,34,27,1Fam,WD,364182
CollgCr,2010,2010,9,2,2655,1060,3,1,2,0,24295,0,0,TwnhsE,WD,424546
NridgHt,1954,1991,8,2,3423,2590,3,2,3,1,7599,56,19,1Fam,WD,660976
Veenker,1974,2002,5,3,1764,349,3,2,3,0,11068,36,8,1Fam,New,387605
NWAmes,1918,2007,3,7,750,313,2,1,3,1,5906,92,3,TwnhsE,WD,169644
NridgHt,1934,1964,7,3,634,599,2,1,3,0,5635,76,46,TwnhsE,Oth,336339
NAmes,2002,2008,2,1,3661,2072,2,2,3,0,6376,8,2,1Fam,WD,331283
NridgHt,1952,1968,3,6,2114,748,1,1,3,0,19877,58,42,1Fam,WD,423214
Timber,1925,2003,9,3,4011,2923,3,2,2,1,6025,85,7,1Fam,WD,603732
NWAmes,2009,2009,4,1,3236,2641,2,2,3,1,15827,1,1,1Fam,WD,378315
Veenker,1913,1951,4,4,3869,3186,0,2,2,0,13627,97,59,1Fam,WD,476076
NoRidge,1944,1985,3,1,906,672,3,2,3,1,12492,66,25,1Fam,WD,298056
Somerst,1943,1990,5,1,3879,2393,2,3,3,1,15038,67,20,1Fam,WD,496078
Veenker,1987,1998,3,2,601,163,3,1,3,0,11143,23,12,Duplex,WD,229738
NAmes,2004,2004,9,8,1884,803,3,2,4,1,18087,6,6,1Fam,WD,317428
Veenker,1964,2002,3,2,4418,3155,3,1,2,1,12518,46,8,1Fam,WD,546983
Mitchel,1950,1967,2,2,4195,2057,1,2,5,0,5713,60,43,Twnhs,WD,334167
NAmes,1942,1947,5,8,3240,1872,2,3,2,0,11544,68,63,1Fam,New,382854
ClearCr,1985,2010,6,6,4187,2247,3,2,4,1,23807,25,0,2fmCon,WD,554242
BrkSide,1922,1964,1,4,2051,978,3,2,3,1,13157,88,46,1Fam,WD,184974
Somerst,1955,2006,6,3,2131,1518,2,2,4,0,7865,55,4,1Fam,WD,379569
IDOTRR,1918,1952,10,1,1816,882,2,1,2,2,22876,92,58,1Fam,WD,211758
NoRidge,1981,1982,3,3,3717,2105,1,2,3,1,24090,29,28,1Fam,New,677243
Gilbert,1975,1979,4,9,903,693,4,3,3,0,12135,35,31,1Fam,WD,285907
CollgCr,1954,1971,6,5,1313,899,2,2,5,0,8959,56,39,1Fam,WD,278522
Somerst,1991,2006,8,6,3573,1047,1,1,5,0,3692,19,4,1Fam,WD,497166
Gilbert,1991,1998,9,5,3690,1402,2,1,2,1,22933,19,12,1Fam,WD,469412
NWAmes,1959,1983,6,1,3402,1198,2,1,3,1,20593,51,27,1Fam,COD,353863
NridgHt,1958,1989,7,1,2129,985,3,1,3,1,20712,52,21,Twnhs,New,558235
StoneBr,1932,1962,5,4,3762,2617,0,2,2,1,10650,78,48,TwnhsE,WD,550635
NWAmes,1918,1927,9,3,1526,720,0,1,2,0,5574,92,83,TwnhsE,New,284757
Gilbert,1927,1982,4,8,3489,2052,2,1,5,1,23834,83,28,1Fam,WD,393827
IDOTRR,1951,2007,10,7,1520,1471,2,2,3,0,11750,59,3,1Fam,WD,231648
NWAmes,1948,1959,6,7,4058,3169,1,2,2,0,1568,62,51,1Fam,WD,440559
IDOTRR,1936,2005,5,8,4194,2682,2,2,3,1,15515,74,5,Duplex,ConLD,292168
NWAmes,1925,1944,1,7,2724,1349,2,2,3,0,3137,85,66,1Fam,WD,281740
Veenker,1998,2002,5,2,1780,580,3,1,3,1,7163,12,8,1Fam,WD,338322
NoRidge,1997,2003,5,4,3420,941,0,1,3,2,9893,13,7,1Fam,WD,555644
Mitchel,1998,2006,9,6,4105,1151,4,1,3,1,9957,12,4,1Fam,WD,424897
Gilbert,1939,1996,1,3,3024,1409,2,2,2,0,7751,71,14,1Fam,New,326472
NridgHt,1979,2005,5,3,2945,1682,1,1,3,0,4625,31,5,Twnhs,WD,534433
Somerst,1937,1990,7,6,2019,691,0,2,2,0,24978,73,20,1Fam,WD,351475
IDOTRR,1976,1997,6,1,719,0,2,1,4,1,24217,34,13,1Fam,WD,169542
CollgCr,1986,1993,6,1,2504,1026,2,3,2,1,1738,24,17,1Fam,WD,374610
ClearCr,1953,1972,7,5,672,70,2,2,4,1,22930,57,38,1Fam,WD,279689
ClearCr,1921,1971,6,1,3283,2259,2,2,3,1,9517,89,39,1Fam,WD,425918
Timber,1915,1992,5,8,1913,1231,2,2,3,1,1790,95,18,TwnhsE,WD,389777
Somerst,1927,1965,10,2,1001,396,2,2,3,1,7964,83,45,1Fam,COD,314313
Somerst,1934,1970,5,6,4148,2175,1,2,3,0,3308,76,40,1Fam,WD,489936
NridgHt,1959,2008,9,5,2312,669,2,3,4,1,11781,51,2,1Fam,WD,609330
NWAmes,1944,1977,8,4,3308,1415,3,2,3,1,18838,66,33,1Fam,WD,422702
ClearCr,1945,1977,10,1,3831,3160,1,2,3,0,24916,65,33,1Fam,WD,551290
Mitchel,1971,2001,4,3,2678,1782,3,2,3,2,3430,39,9,Duplex,WD,327665
NAmes,2007,2009,4,4,3684,2350,2,2,2,2,8489,3,1,1Fam,WD,375662
Timber,1954,2007,10,2,1297,1039,4,1,3,1,13772,56,3,Twnhs,WD,420259
Gilbert,1985,1996,5,2,3346,2157,1,2,2,1,10498,25,14,Duplex,WD,392755
CollgCr,1984,1985,3,2,1429,673,4,2,3,0,16017,26,25,2fmCon,WD,279751
NAmes,1925,1995,8,1,1222,867,2,1,3,0,9279,85,15,Duplex,WD,218231
Timber,2003,2004,7,2,3591,1179,2,1,2,0,23014,7,6,1Fam,WD,541924
Gilbert,1984,2000,5,6,2762,1578,2,2,3,1,11598,26,10,1Fam,WD,368186
Crawfor,1924,1985,10,3,1833,1031,0,2,3,1,16580,86,25,1Fam,WD,340549
Veenker,2004,2010,3,5,1774,877,3,3,3,0,24469,6,0,1Fam,WD,362966
NoRidge,1964,2009,5,1,987,580,2,2,3,1,4176,46,1,Duplex,WD,349150
Gilbert,1905,1960,3,8,3953,2127,1,2,3,0,17283,105,50,1Fam,WD,398188
NWAmes,1922,1928,10,4,3980,1837,0,2,2,0,21455,88,82,1Fam,WD,421316
Veenker,1963,1987,5,9,3842,1911,1,1,5,0,14363,47,23,TwnhsE,WD,528109
Gilbert,1986,1988,1,4,2457,1595,2,1,3,0,5259,24,22,1Fam,WD,284432
Somerst,1942,1979,6,2,3978,3360,2,2,2,0,16289,68,31,1Fam,WD,513911
NWAmes,2006,2009,10,3,4263,3081,2,2,4,0,11310,4,1,1Fam,WD,510783
StoneBr,1922,1955,4,5,1717,863,2,1,3,0,14714,88,55,2fmCon,New,414512
NAmes,1995,1995,4,6,1964,746,2,2,3,0,6621,15,15,1Fam,WD,237464
Veenker,1929,1972,8,7,812,380,2,2,3,0,15053,81,38,Twnhs,WD,321951
Somerst,1976,2005,2,4,578,229,0,2,4,2,10500,34,5,1Fam,WD,205656
NridgHt,2006,2006,4,7,2727,1251,2,2,4,0,16919,4,4,TwnhsE,WD,564125
NoRidge,1917,1975,2,3,3551,1688,1,2,3,1,21670,93,35,1Fam,WD,484489
CollgCr,1986,1995,1,7,1174,799,3,2,3,0,2441,24,15,1Fam,WD,235021
Timber,1978,1997,10,4,2237,1060,2,3,3,0,2838,32,13,1Fam,WD,480867
NAmes,1996,1997,3,8,513,0,4,2,3,0,22536,14,13,1Fam,WD,204370
NridgHt,1920,1964,8,9,3406,1636,2,2,2,2,2821,90,46,1Fam,WD,617860
Somerst,1956,1999,6,7,2793,1089,3,2,3,0,19538,54,11,1Fam,WD,428807
Somerst,2002,2002,7,8,2545,1328,2,2,3,1,14704,8,8,1Fam,WD,479697
NridgHt,1922,1984,2,8,1537,900,2,2,4,1,4568,88,26,TwnhsE,WD,390417
NoRidge,1990,1999,6,2,2646,1372,2,2,3,0,22622,20,11,1Fam,WD,555149
ClearCr,1944,1954,8,9,532,159,2,2,3,2,8093,66,56,Twnhs,COD,295176
CollgCr,1943,2004,8,6,1959,912,3,1,4,0,10086,67,6,TwnhsE,WD,352490
ClearCr,1981,1995,4,4,756,464,2,3,4,0,2291,29,15,1Fam,WD,261062
CollgCr,1987,1988,6,5,533,535,1,2,3,0,15923,23,22,1Fam,WD,258820
Crawfor,1946,1962,5,5,2566,1327,2,2,1,0,24560,64,48,1Fam,New,381121
NridgHt,1939,1992,9,7,4235,1466,4,2,3,0,11636,71,18,Duplex,WD,749284
CollgCr,1950,1961,8,9,1783,697,2,1,4,1,17247,60,49,TwnhsE,WD,344564
IDOTRR,1941,1980,2,7,4247,2658,2,1,1,0,2243,69,30,1Fam,WD,274894
CollgCr,1906,1924,7,9,3136,2313,2,2,3,1,8024,104,86,1Fam,WD,403812
Gilbert,1949,1951,7,4,2349,950,2,2,3,0,15366,61,59,1Fam,WD,318260
Veenker,1947,1964,1,4,3987,2439,3,1,3,2,8074,63,46,TwnhsE,WD,467390
Mitchel,1983,2003,1,6,2684,1798,3,2,4,0,17815,27,7,1Fam,WD,313447
Mitchel,1990,2008,4,8,858,565,2,2,3,1,14064,20,2,TwnhsE,WD,239648
CollgCr,1905,1968,5,9,4291,1362,2,2,3,1,1693,105,42,1Fam,New,446608
IDOTRR,1990,2008,4,1,1253,475,3,2,3,0,9394,20,2,1Fam,WD,179041
NoRidge,1908,1954,7,1,2102,817,2,2,3,0,5774,102,56,Twnhs,WD,437272
NridgHt,2008,2009,3,8,3687,2805,4,2,3,0,15832,2,1,TwnhsE,WD,688858
Mitchel,1956,1971,7,7,903,540,2,1,4,0,21781,54,39,1Fam,ConLD,250849
Mitchel,1930,2001,8,9,1725,1009,3,2,5,0,5082,80,9,1Fam,WD,282955
NoRidge,1920,1937,6,3,1899,541,3,2,3,1,22967,90,73,1Fam,WD,422299
Timber,1989,2008,6,5,2797,1119,2,3,2,0,16918,21,2,2fmCon,WD,490925
NridgHt,1939,1986,8,3,2993,1146,4,2,5,1,17205,71,24,1Fam,WD,624115
Veenker,1944,1986,8,5,3501,2140,0,2,3,0,14344,66,24,1Fam,WD,521053
Mitchel,1976,1987,7,1,777,258,3,2,5,1,9629,34,23,1Fam,New,263948
CollgCr,1948,1992,6,4,611,352,4,2,2,0,13182,62,18,1Fam,WD,243341
Somerst,1986,1995,6,6,2486,1527,2,3,3,0,23227,24,15,1Fam,WD,428868
Somerst,1919,1989,10,2,4414,1968,2,3,2,0,12507,91,21,1Fam,WD,541338
NridgHt,2000,2006,6,7,4044,2491,2,2,4,0,5403,10,4,TwnhsE,COD,727856
Veenker,1991,1991,8,8,3293,1078,3,2,4,1,13615,19,19,1Fam,ConLD,537961
Gilbert,1916,1964,1,1,3235,2362,3,1,3,1,19669,94,46,1Fam,WD,341478
IDOTRR,1927,1962,5,4,891,362,2,2,2,1,13864,83,48,1Fam,WD,154420
NAmes,1940,1960,3,4,1468,966,3,2,2,1,9462,70,50,1Fam,WD,209932
NridgHt,1965,2001,8,5,2690,1772,2,2,3,2,13525,45,9,1Fam,WD,628015
NAmes,1924,1947,6,4,1555,1297,2,1,3,1,18407,86,63,1Fam,WD,234502
Mitchel,1957,1981,2,9,2728,2176,2,3,3,0,4796,53,29,1Fam,ConLD,298224
Mitchel,1940,1946,7,7,3126,1674,2,2,3,0,24840,70,64,TwnhsE,WD,356687
ClearCr,1905,2010,7,2,4087,3379,1,2,3,0,22363,105,0,Duplex,WD,513573
Somerst,1974,1990,5,1,3345,1771,2,1,1,1,9211,36,20,1Fam,New,475350
Veenker,1937,2007,8,9,768,557,2,2,3,0,7185,73,3,TwnhsE,WD,337367
NridgHt,1905,2001,5,1,3807,1337,3,2,3,1,8147,105,9,TwnhsE,WD,593329
Timber,1944,1967,1,6,3848,2231,0,2,4,0,9294,66,43,TwnhsE,WD,445670
Timber,1974,1984,9,2,3100,2207,2,2,3,1,7090,36,26,1Fam,WD,543756
CollgCr,1913,1985,4,4,3180,2407,2,1,3,2,22267,97,25,1Fam,COD,405356
NWAmes,1965,1976,2,6,2529,697,3,2,3,0,1898,45,34,1Fam,COD,295151
CollgCr,1939,1973,4,5,774,253,2,3,4,1,20035,71,37,1Fam,WD,243556
NridgHt,1902,1964,9,6,1242,626,3,2,1,1,6930,108,46,1Fam,New,506361
IDOTRR,1998,2001,2,3,4387,3045,3,3,3,2,5380,12,9,1Fam,WD,316613
BrkSide,1996,1999,4,5,585,0,2,3,5,0,1626,14,11,1Fam,WD,162309
Mitchel,1923,1979,2,2,3634,3016,2,3,3,1,19971,87,31,Duplex,WD,350553
IDOTRR,1918,1930,5,7,903,399,3,3,3,0,19654,92,80,2fmCon,WD,155989
CollgCr,1917,1939,3,3,2739,1377,2,0,2,1,8525,93,71,1Fam,WD,289032
IDOTRR,1963,1981,10,1,3864,2872,2,3,4,1,16780,47,29,1Fam,WD,337182
NridgHt,1987,1996,2,8,2545,1502,2,1,2,1,13745,23,14,1Fam,WD,477655
Somerst,2008,2008,9,8,1554,613,3,1,3,0,7425,2,2,1Fam,WD,390206
Timber,1934,1972,5,3,3901,2178,4,1,2,1,21202,76,38,1Fam,ConLD,563414
StoneBr,1961,1984,10,7,4229,1468,4,2,2,0,16147,49,26,2fmCon,ConLD,751310
StoneBr,1900,1979,5,9,2654,2137,2,2,5,0,3581,110,31,TwnhsE,New,556687
Crawfor,1999,1999,1,8,2394,1740,2,2,3,1,3557,11,11,1Fam,WD,332836
Mitchel,1924,1935,6,3,3169,1379,1,1,3,1,6787,86,75,1Fam,WD,296843
Crawfor,1944,1977,7,2,775,334,2,2,5,2,7403,66,33,Duplex,WD,266227
StoneBr,1948,1954,1,7,4293,1362,3,2,3,1,6835,62,56,TwnhsE,WD,568381
Mitchel,2006,2008,9,7,1150,869,2,2,1,0,4489,4,2,1Fam,WD,277976
Gilbert,1997,2009,8,9,2121,1828,2,2,3,0,9075,13,1,1Fam,WD,382693
Somerst,1988,2000,8,5,3103,2222,2,1,3,0,15563,22,10,1Fam,WD,492280
Gilbert,1915,1945,7,4,1605,1060,3,1,3,0,7221,95,65,TwnhsE,New,329761
Timber,1997,1998,5,8,3635,1788,1,2,2,0,24962,13,12,1Fam,WD,539597
Somerst,1992,1998,3,4,2413,840,2,2,3,0,16877,18,12,1Fam,WD,349272
BrkSide,1918,1932,9,4,4426,2898,2,2,3,0,18223,92,78,1Fam,WD,363809
Veenker,1922,1978,7,2,4404,2619,2,2,3,1,4228,88,32,1Fam,WD,545077
CollgCr,1982,1992,10,1,3114,1698,4,2,3,1,19475,28,18,1Fam,WD,465378
NAmes,1924,1957,10,4,1085,1019,3,2,3,1,23667,86,53,1Fam,WD,256426
NWAmes,1915,1982,8,7,3432,1345,2,3,3,0,4661,95,28,1Fam,WD,360736
NridgHt,1953,1963,6,9,628,306,3,1,3,0,11000,57,47,1Fam,WD,351545
StoneBr,1972,2000,5,9,755,191,2,2,5,0,9675,38,10,1Fam,WD,362537
NridgHt,1900,1965,8,1,3481,1501,3,2,4,0,6129,110,45,Duplex,WD,609915
Gilbert,1941,1956,3,5,730,111,2,0,3,1,16268,69,54,1Fam,WD,191540
ClearCr,1918,1956,7,7,4068,2527,3,3,5,1,8401,92,54,TwnhsE,WD,527927
NoRidge,1996,2008,2,7,1660,659,2,2,5,1,12390,14,2,1Fam,WD,429454
IDOTRR,1933,1969,3,6,3410,1312,1,2,3,2,12815,77,41,1Fam,WD,229777
CollgCr,1979,1995,2,4,4026,2821,2,2,3,1,16926,31,15,1Fam,WD,429828
Timber,2007,2007,5,3,4484,1796,2,2,5,0,3797,3,3,TwnhsE,WD,589333
CollgCr,2003,2006,7,9,2902,2076,2,1,3,2,23334,7,4,1Fam,WD,466104
Gilbert,1954,1972,10,4,2147,1009,1,1,3,1,16739,56,38,1Fam,WD,348732
NridgHt,1917,1987,10,8,4056,2567,2,2,3,1,16250,93,23,1Fam,WD,760780
Veenker,1933,1940,1,1,4391,3449,2,3,2,1,15013,77,70,1Fam,WD,516712
Mitchel,1988,2000,10,7,2693,888,2,1,3,0,22828,22,10,1Fam,WD,358017
ClearCr,1944,2009,9,6,2547,1348,3,2,3,0,6818,66,1,TwnhsE,WD,431834
CollgCr,1905,1945,1,1,3604,2837,1,2,3,0,21691,105,65,1Fam,WD,367603
ClearCr,1920,1994,1,4,759,470,2,1,1,0,17896,90,16,1Fam,WD,178564
NridgHt,1969,1992,10,5,2634,1168,3,2,4,0,21918,41,18,Twnhs,WD,648650
StoneBr,1995,2000,8,8,1342,874,2,2,3,0,23414,15,10,1Fam,WD,498438
ClearCr,2004,2008,6,4,2471,1567,2,2,2,1,16980,6,2,1Fam,WD,412069
Timber,1947,1972,6,3,764,691,2,2,2,1,21317,63,38,1Fam,WD,295919
NridgHt,2006,2006,9,2,4403,1305,2,1,3,0,6133,4,4,1Fam,WD,741423
NAmes,1938,2007,4,4,4113,1412,2,2,5,0,3551,72,3,1Fam,WD,327721
IDOTRR,1930,1958,8,4,891,247,3,2,2,1,5376,80,52,1Fam,WD,167823
Mitchel,2005,2007,4,5,2779,1090,0,2,2,0,7408,5,3,1Fam,WD,306451
NAmes,1909,1974,2,7,1400,611,3,1,3,1,24014,101,36,1Fam,WD,198260
Timber,1929,1947,8,9,1087,730,2,2,3,1,7927,81,63,TwnhsE,WD,365693
IDOTRR,1917,1984,7,2,2994,1235,2,2,3,1,14509,93,26,1Fam,WD,254403
StoneBr,1959,1964,4,5,1652,862,3,2,3,0,16851,51,46,1Fam,WD,398788
IDOTRR,1987,2003,9,9,1794,1492,3,2,3,1,3323,23,7,1Fam,WD,246794
IDOTRR,1972,2008,9,3,3660,1330,3,2,3,0,21314,38,2,1Fam,WD,324207
NWAmes,1994,2000,8,1,965,628,3,1,4,0,4240,16,10,1Fam,WD,272766
IDOTRR,1914,1986,1,2,3481,1581,2,2,2,1,3288,96,24,1Fam,WD,215667
Crawfor,1903,1927,7,6,1693,1280,2,2,3,2,19836,107,83,Duplex,WD,316317
Timber,1962,1994,5,5,2675,1984,2,0,4,0,17141,48,16,Twnhs,WD,441128
ClearCr,1939,2003,7,1,3745,2706,2,1,4,2,12396,71,7,1Fam,WD,459218
Crawfor,1908,1913,9,1,2472,585,2,1,2,0,14415,102,97,Duplex,WD,342108
NridgHt,2008,2009,2,4,1549,1317,2,1,5,0,21304,2,1,Duplex,WD,436906
Crawfor,1908,1917,4,4,3120,1800,2,2,3,1,20911,102,93,1Fam,WD,353058
IDOTRR,1925,1935,4,6,3058,1635,3,1,3,0,4601,85,75,1Fam,WD,219511
StoneBr,1903,1999,2,6,987,671,2,3,3,0,7373,107,11,Twnhs,WD,286218
Mitchel,1980,1980,3,6,3438,2548,0,2,3,0,5088,30,30,1Fam,WD,313314
BrkSide,1915,1991,8,1,3126,2401,2,2,2,0,16209,95,19,Twnhs,WD,302921
BrkSide,1914,1997,9,9,1449,1271,2,2,3,0,21729,96,13,1Fam,Oth,226217
IDOTRR,1998,1998,6,7,905,979,2,2,3,1,23621,12,12,1Fam,New,230341
CollgCr,1951,2002,10,7,1549,660,3,2,4,1,13209,59,8,1Fam,New,404832
IDOTRR,1968,1970,2,7,1606,831,2,1,3,2,2917,42,40,Twnhs,WD,169387
NWAmes,1904,1985,2,2,863,158,3,3,3,1,21793,106,25,1Fam,New,196894
StoneBr,1919,1996,7,2,1890,1561,2,2,3,1,22629,91,14,1Fam,WD,489990
CollgCr,1978,2008,8,6,1583,377,2,1,3,1,13381,32,2,1Fam,WD,342681
NWAmes,1917,2007,8,7,1050,928,3,2,4,1,4272,93,3,1Fam,WD,267652
Timber,2010,2010,6,3,2158,1126,0,2,3,0,23059,0,0,1Fam,WD,427332
Gilbert,1901,1917,10,4,791,485,0,2,3,0,24159,109,93,1Fam,WD,266617
Gilbert,1992,2005,8,3,3336,1093,1,2,3,1,3749,18,5,1Fam,WD,402283
StoneBr,1912,2004,1,7,2460,1410,2,2,4,0,17579,98,6,1Fam,WD,405956
Crawfor,1903,1938,9,7,4457,3645,2,2,2,2,21742,107,72,1Fam,WD,515768
Mitchel,1941,1966,1,4,3363,965,4,2,3,1,19509,69,44,1Fam,COD,299135
CollgCr,2008,2008,3,7,2317,1124,2,3,3,0,4249,2,2,1Fam,WD,364306
NridgHt,1973,1989,9,5,690,86,2,2,4,1,20489,37,21,1Fam,WD,431745
NridgHt,1960,1981,5,1,960,566,2,2,3,0,3347,50,29,1Fam,WD,342075
Somerst,1994,1995,9,4,4375,1577,2,2,5,2,15653,16,15,1Fam,WD,599866
BrkSide,2004,2010,9,7,3211,1571,2,2,2,2,10270,6,0,1Fam,COD,345369
Timber,1907,1992,6,2,2419,2091,2,1,3,1,2636,103,18,1Fam,COD,420823
Gilbert,1966,1970,1,2,2780,1368,2,1,3,0,13102,44,40,1Fam,WD,304740
Timber,1962,1965,10,1,3021,1333,2,2,3,0,4633,48,45,1Fam,WD,514113
Somerst,2009,2010,7,2,3976,2484,2,2,4,1,11966,1,0,1Fam,ConLD,554463
NAmes,1908,1913,6,8,3205,1344,3,2,4,1,11913,102,97,1Fam,ConLD,327355
NWAmes,1993,2005,9,8,770,582,1,2,3,0,14807,17,5,1Fam,WD,273037
NoRidge,1910,2010,7,8,4418,2399,3,2,3,0,2657,100,0,1Fam,WD,686001
ClearCr,1998,2004,4,1,1657,665,2,1,5,0,8952,12,6,1Fam,WD,301459
NridgHt,2000,2008,7,1,670,411,2,1,3,1,13550,10,2,2fmCon,WD,410063
CollgCr,1941,1966,2,4,1938,895,2,3,4,1,8775,69,44,1Fam,COD,268276
Gilbert,1912,1966,6,6,527,309,2,2,4,0,15978,98,44,1Fam,WD,207808
NoRidge,1935,1973,6,8,635,585,2,2,3,0,23297,75,37,1Fam,WD,360057
Veenker,1912,1995,2,2,3472,1220,4,2,4,1,5872,98,15,1Fam,WD,419550
Somerst,1911,1943,4,3,2952,1197,2,2,3,1,7111,99,67,1Fam,WD,362950
BrkSide,1936,1949,8,6,3524,2107,4,1,2,1,19470,74,61,1Fam,WD,340780
IDOTRR,1973,2008,8,4,1387,571,2,1,3,1,20207,37,2,1Fam,WD,208516
NridgHt,1972,1988,8,2,2028,1528,2,2,2,0,1733,38,22,TwnhsE,WD,528626
NWAmes,1951,1971,8,7,1764,1101,2,2,3,0,9416,59,39,1Fam,WD,311972
Somerst,1970,1985,1,4,1355,806,0,1,4,2,1531,40,25,1Fam,WD,253381
Somerst,1901,2010,2,8,2991,1757,3,1,2,2,10451,109,0,1Fam,New,410360
NWAmes,1955,1970,4,8,2981,708,3,3,2,1,4703,55,40,1Fam,WD,332536
BrkSide,1959,1978,9,7,1751,899,2,1,3,1,7394,51,32,1Fam,WD,231464
IDOTRR,1922,1950,3,9,1008,860,2,2,3,2,3294,88,60,1Fam,WD,166751
Crawfor,2002,2009,6,4,4370,2981,2,1,3,0,14580,8,1,Twnhs,WD,532493
Somerst,1939,1941,7,7,1826,869,4,2,3,0,2261,71,69,TwnhsE,WD,359741
Mitchel,1963,1987,8,1,2581,1887,2,2,2,1,17074,47,23,1Fam,WD,347600
Timber,2002,2004,7,4,1525,737,3,1,1,2,21964,8,6,TwnhsE,COD,418133
Crawfor,1984,1984,3,2,861,503,2,2,4,1,1781,26,26,1Fam,WD,208164
Somerst,1922,1987,6,9,1718,1139,4,2,3,1,5571,88,23,1Fam,WD,380333
Gilbert,1928,2006,5,5,1105,812,3,2,3,0,13595,82,4,1Fam,WD,253363
Timber,1977,1998,10,3,2363,1838,4,2,5,0,22509,33,12,1Fam,WD,517767
StoneBr,1989,1998,4,4,1831,1279,2,2,4,0,23862,21,12,1Fam,WD,446832
BrkSide,1950,1967,1,6,2170,647,2,2,2,2,15837,60,43,1Fam,WD,186354
NoRidge,1968,1989,7,1,1215,1030,2,2,3,1,10507,42,21,Duplex,WD,423245
CollgCr,1994,2007,8,7,2797,1587,2,2,4,0,22443,16,3,1Fam,ConLD,448250
Timber,1988,2004,2,8,2694,1904,3,2,3,2,19354,22,6,1Fam,WD,478544
NridgHt,1930,1942,7,7,3917,3141,0,2,4,1,4787,80,68,1Fam,WD,689976
NridgHt,1949,1981,6,7,847,622,2,1,3,1,22143,61,29,1Fam,WD,415590
StoneBr,1919,1923,5,9,1777,1602,2,1,2,1,15514,91,87,1Fam,WD,402637
NAmes,2007,2008,4,4,898,307,3,1,3,0,23590,3,2,1Fam,WD,222781
Veenker,1954,1966,2,7,1857,515,1,3,3,1,18394,56,44,1Fam,WD,327445
IDOTRR,1980,2006,10,9,1699,1177,2,2,3,2,15585,30,4,1Fam,WD,256187
Crawfor,2008,2008,6,5,2672,2362,2,2,2,0,9461,2,2,1Fam,WD,409503
ClearCr,1901,1978,5,2,3310,2546,2,1,2,1,15032,109,32,Twnhs,WD,412090
Crawfor,1924,1947,2,5,2945,2029,3,1,5,0,13397,86,63,1Fam,WD,331019
CollgCr,1912,1978,10,4,2678,1681,2,3,2,0,8284,98,32,1Fam,New,459883
NWAmes,2002,2004,7,8,2085,1034,1,3,3,0,15696,8,6,1Fam,COD,345220
Veenker,1991,2007,6,5,3152,2645,1,1,4,1,23377,19,3,1Fam,WD,511957
Somerst,2005,2010,9,9,3439,1497,2,2,3,1,18142,5,0,1Fam,WD,536532
NAmes,1969,2003,10,9,1321,594,2,2,2,0,8088,41,7,1Fam,ConLD,292629
BrkSide,1966,1979,5,3,1401,663,2,2,3,1,10916,44,31,1Fam,ConLD,204963
NAmes,1957,1968,9,6,1444,857,2,2,3,0,19549,53,42,1Fam,WD,273647
ClearCr,1998,2009,9,6,3978,2218,1,2,3,0,3365,12,1,1Fam,WD,523672
Mitchel,1981,1992,1,4,3279,2708,3,2,4,0,17452,29,18,1Fam,WD,348898
CollgCr,1974,2002,5,3,2369,1377,3,1,3,1,2265,36,8,1Fam,WD,338775
CollgCr,1983,1993,9,1,833,545,4,2,3,1,4949,27,17,1Fam,New,327594
Timber,1963,1979,7,7,1543,567,3,2,2,1,20589,47,31,TwnhsE,WD,393545
Crawfor,1968,2007,6,5,2752,1896,2,2,3,1,7265,42,3,1Fam,WD,396556
StoneBr,1982,1998,6,7,4174,3058,2,2,4,0,16961,28,12,1Fam,WD,713495
Somerst,1985,2005,7,1,3503,2577,2,2,3,1,16836,25,5,1Fam,WD,518707
NAmes,1958,1980,1,8,854,459,1,2,3,0,6474,52,30,Duplex,WD,153623
Timber,1959,1978,4,3,1696,460,2,2,2,2,18079,51,32,1Fam,WD,348371
NridgHt,1982,1992,1,7,1712,806,1,2,2,0,2883,28,18,1Fam,WD,399251
NridgHt,2010,2010,6,3,1323,908,2,2,3,0,16958,0,0,1Fam,WD,465801
BrkSide,1961,1994,4,3,1525,251,2,2,3,1,3935,49,16,1Fam,WD,186624
CollgCr,1915,1988,1,9,2396,1994,2,1,2,0,2950,95,22,1Fam,WD,288875
ClearCr,1987,1996,9,2,3488,1526,0,2,4,0,9424,23,14,1Fam,New,502056
Mitchel,2004,2006,4,4,667,259,2,1,3,1,17554,6,4,1Fam,WD,210093
NAmes,1967,1972,6,6,2915,626,0,1,2,0,24942,43,38,TwnhsE,WD,281659
Somerst,1914,2001,7,3,1035,622,4,1,2,0,7128,96,9,1Fam,WD,305622
Gilbert,1988,1999,8,7,2448,1127,2,1,2,0,18325,22,11,1Fam,New,414271
Mitchel,2007,2009,9,7,3510,1021,2,2,2,1,16288,3,1,Twnhs,New,450897
Gilbert,1954,2008,9,5,4448,2101,2,3,4,0,3867,56,2,1Fam,WD,515026
StoneBr,1934,1956,8,3,3127,1591,1,1,3,0,6365,76,54,1Fam,WD,516768
NAmes,1954,1980,10,2,3941,3326,2,2,3,1,10574,56,30,1Fam,New,483322
CollgCr,1913,1970,3,4,4277,1639,2,1,5,1,8659,97,40,Twnhs,WD,435486
Veenker,1948,2004,2,4,2119,1237,3,2,3,1,18334,62,6,1Fam,WD,378901
ClearCr,1982,1994,5,8,1449,957,2,2,2,0,24923,28,16,1Fam,WD,326324
NridgHt,2001,2005,1,8,4008,2994,1,3,3,0,6698,9,5,TwnhsE,WD,643919
NoRidge,1999,2004,3,5,706,169,2,1,3,1,8786,11,6,1Fam,WD,311459
NWAmes,1906,1970,1,6,3620,2970,2,2,3,1,21234,104,40,1Fam,WD,355220
NridgHt,1929,1934,3,8,1043,731,1,1,3,1,4329,81,76,Twnhs,WD,305280
ClearCr,1982,1999,4,1,4400,2846,2,2,3,0,4113,28,11,1Fam,Oth,488626
CollgCr,1948,1969,7,5,4253,1641,4,3,3,0,3415,62,41,1Fam,WD,483034
NridgHt,1988,1996,5,4,628,514,2,2,4,2,8712,22,14,TwnhsE,WD,376774
IDOTRR,1915,2002,5,4,1970,971,2,2,4,1,10940,95,8,1Fam,WD,236721
Timber,2010,2010,1,2,3161,1804,2,2,2,0,18411,0,0,1Fam,WD,462133
Veenker,2003,2003,8,1,2582,1341,3,3,2,0,6319,7,7,1Fam,COD,476556
Veenker,1950,2010,4,6,3366,2372,2,2,3,1,9379,60,0,1Fam,WD,476604
Timber,1971,1985,10,7,2746,1205,3,1,2,0,11834,39,25,1Fam,New,604801
NridgHt,1981,2006,5,5,2336,1453,3,2,2,1,10056,29,4,1Fam,New,607025
NWAmes,1991,1998,2,8,576,607,1,2,3,1,19092,19,12,1Fam,COD,200554
IDOTRR,1979,1997,1,9,868,403,2,1,3,0,5620,31,13,1Fam,WD,113074
Timber,1982,2005,9,2,3380,2495,4,1,4,0,12057,28,5,1Fam,WD,590596
Gilbert,1941,1988,2,4,1025,762,3,2,3,0,7976,69,22,1Fam,WD,213693
NWAmes,1916,1985,6,9,848,335,2,2,5,2,4461,94,25,TwnhsE,WD,228499
NAmes,1962,1996,1,5,1005,420,2,1,4,1,14349,48,14,2fmCon,WD,178068
ClearCr,1944,2008,1,3,1142,237,2,2,2,1,22660,66,2,1Fam,WD,229242
Veenker,1976,1987,9,6,737,819,2,2,3,1,11839,34,23,1Fam,WD,351898
Somerst,1906,1943,4,3,1803,1170,2,3,3,2,20301,104,67,1Fam,WD,328838
NWAmes,1926,1936,9,5,2100,1180,2,2,3,2,3116,84,74,1Fam,WD,320343
Mitchel,1909,1920,5,3,1955,749,2,2,3,1,10411,101,90,1Fam,WD,225800
StoneBr,1933,1974,7,6,2685,2213,3,2,3,0,22566,77,36,2fmCon,New,603761
Somerst,1935,1973,1,5,3840,1238,3,1,3,1,8325,75,37,1Fam,WD,425593
BrkSide,1924,1994,6,9,4311,3380,1,2,3,1,19730,86,16,1Fam,ConLD,364843
Mitchel,1905,1915,8,3,3772,1894,3,2,5,1,19255,105,95,1Fam,New,428365
IDOTRR,1923,1958,1,6,3713,2328,2,0,3,1,19350,87,52,1Fam,WD,242183
NWAmes,1917,1968,9,8,3159,2542,2,2,2,0,17872,93,42,1Fam,WD,419795
Somerst,1986,1986,3,7,2173,874,3,2,2,0,10382,24,24,1Fam,WD,358829
